"Year","Title","Artist","First_Month","Peak_Rank","char_count_total","hangul_char_count","eng_char_count","digit_char_count","other_char_count","hangul_char_ratio","eng_char_ratio","is_pure_korean_lyrics","line_count","word_count","token_count","ttr_token","ttr_word","pronoun_1st_count","pronoun_2nd_count","pronoun_1st_ratio","nouns_count","english_tokens_count"
"2015","화 (Feat. 진실 Of Mad Soul Child) (Fire)","매드클라운","1","2","860","723","133","1","3","84.46","15.54","False","74","345","694","0.3357","0.6377","34","17","66.67","45","27"
"2015","사랑에 빠지고 싶다","정승환","1","5","166","166","0","0","0","100.0","0.0","True","15","73","138","0.5435","0.8493","9","2","81.82","17","0"
"2015","그냥 (Just)","Zion.T, Crush","2","2","320","295","16","0","9","94.86","5.14","False","32","131","232","0.4698","0.6794","15","1","93.75","26","4"
"2015","또 운다 또","다비치","2","3","313","313","0","0","0","100.0","0.0","True","35","130","252","0.3214","0.5615","5","0","100.0","19","0"
"2015","환청 (Feat. 나쑈 (NaShow))","장재인","2","8","621","621","0","0","0","100.0","0.0","True","69","260","524","0.3454","0.7038","24","15","61.54","49","0"
"2015","팔베개 (Feat. 기현) (Pillow)","소유 (SOYOU), 기리보이","2","10","645","577","66","0","2","89.74","10.26","False","66","263","501","0.2974","0.5437","24","24","50.0","34","9"
"2015","사랑 범벅 (Feat. 챈슬러 of the channels)","MC몽","3","1","928","597","320","3","8","65.1","34.9","False","76","362","621","0.3076","0.4862","36","24","60.0","60","64"
"2015","My Type (Prod. By 버벌진트)","제시 (Jessi), 치타 (CHEETAH), 강남","3","4","1147","478","629","0","40","43.18","56.82","False","94","376","650","0.3323","0.4973","50","21","70.42","40","127"
"2015","벚꽃 엔딩","버스커 버스커","3","9","424","424","0","0","0","100.0","0.0","True","42","173","305","0.2492","0.3295","4","13","23.53","39","0"
"2015","다른 남자 말고 너","미쓰에이","4","1","564","456","105","0","3","81.28","18.72","False","51","232","428","0.2383","0.3879","10","35","22.22","38","25"
"2015","두사랑 (Feat. 매드클라운)","다비치","4","5","651","651","0","0","0","100.0","0.0","True","59","291","545","0.2679","0.5464","18","5","78.26","62","0"
"2015","Shine Your Light","박효신","4","8","445","265","170","0","10","60.92","39.08","False","38","165","289","0.4498","0.6788","10","18","35.71","20","28"
"2015","LOSER","BIGBANG (빅뱅)","5","1","651","497","144","0","10","77.54","22.46","False","48","257","459","0.3617","0.5603","23","1","95.83","66","20"
"2015","Me You (Feat. 백예린 Of 15&)","San E (산이)","5","3","1294","314","940","0","40","25.04","74.96","False","101","422","617","0.2917","0.3673","76","74","50.67","30","203"
"2015","Who Are You (Feat. 개코)","보아 (BoA)","5","10","1114","441","663","0","10","39.95","60.05","False","81","364","558","0.3459","0.4918","19","39","32.76","40","117"
"2015","뱅뱅뱅 (BANG BANG BANG)","BIGBANG (빅뱅)","6","1","736","419","286","0","31","59.43","40.57","False","72","279","434","0.3756","0.5125","8","5","61.54","73","65"
"2015","이럴거면 그러지말지 (Feat. Young K)","백아연","6","2","513","498","12","0","3","97.65","2.35","False","51","207","449","0.3252","0.7005","24","12","66.67","31","3"
"2015","SHAKE IT","씨스타","7","1","961","312","607","0","42","33.95","66.05","False","63","308","462","0.2208","0.2727","38","1","97.44","19","103"
"2015","와리가리","혁오 (HYUKOH)","7","2","661","253","401","0","7","38.69","61.31","False","46","203","313","0.4728","0.5862","14","0","100.0","16","66"
"2015","맨정신","BIGBANG (빅뱅)","7","6","559","497","61","0","1","89.07","10.93","False","48","239","437","0.3707","0.6527","18","8","69.23","44","11"
"2015","레옹","이유 갓지(GOD G) 않은 이유 (박명수, 아이유)","8","1","745","412","301","0","32","57.78","42.22","False","58","268","467","0.3126","0.4925","30","8","78.95","31","68"
"2015","거북선 (Feat. 팔로알토)","Ja Mezz, Andup (앤덥), MINO (송민호)","8","3","1274","976","275","3","20","78.02","21.98","False","103","494","880","0.3864","0.6356","39","24","61.9","108","47"
"2015","I Feel You","원더걸스","8","6","535","393","122","0","20","76.31","23.69","False","55","213","390","0.2872","0.4695","18","20","47.37","30","21"
"2015","겁 (Feat. 태양)","MINO (송민호)","9","2","899","726","172","1","0","80.85","19.15","False","92","363","687","0.3552","0.6584","23","12","65.71","71","35"
"2015","오빠차","인크레더블, TABLO, 지누션","9","7","883","457","409","0","17","52.77","47.23","False","78","308","515","0.3806","0.5617","11","10","52.38","49","78"
"2015","멋진헛간","오대천왕 (정형돈, 밴드 혁오)","9","8","529","359","168","0","2","68.12","31.88","False","39","200","350","0.4429","0.65","9","1","90.0","21","30"
"2015","I (Feat. 버벌진트)","태연 (TAEYEON)","10","2","557","322","212","0","23","60.3","39.7","False","53","202","359","0.4513","0.7178","16","6","72.73","29","42"
"2015","커피 (Prod. by G-Park 박명수)","정경 (a.k.a 유재환) of Rose, 림킴 (김예림)","10","9","605","559","44","0","2","92.7","7.3","False","54","263","480","0.2542","0.4563","12","8","60.0","48","6"
"2015","리듬 타 (RHYTHM TA)","iKON","10","10","1110","553","550","0","7","50.14","49.86","False","85","440","629","0.2496","0.3273","33","0","100.0","78","126"
"2015","Boys And Girls (Feat. Babylon)","지코 (ZICO)","11","1","1004","496","478","0","30","50.92","49.08","False","61","337","584","0.3562","0.4896","15","19","44.12","74","82"
"2015","푸르던","아이유","11","8","294","291","0","0","3","100.0","0.0","True","33","124","222","0.4279","0.5968","10","6","62.5","22","0"
"2015","모르나봐","소유 (SOYOU), 브라더수","11","10","273","267","0","0","6","100.0","0.0","True","32","129","228","0.3202","0.6124","15","9","62.5","18","0"
"2015","소녀","오혁","12","1","190","190","0","0","0","100.0","0.0","True","18","77","141","0.3901","0.5325","4","5","44.44","14","0"
"2015","나팔바지","싸이 (PSY)","12","3","721","533","160","0","28","76.91","23.09","False","44","242","436","0.3073","0.4752","14","1","93.33","81","28"
"2015","유레카 (Feat. Zion.T)","지코 (ZICO)","12","6","871","433","420","2","16","50.76","49.24","False","69","293","469","0.4136","0.587","8","24","25.0","63","62"
"2015","사랑이 맞을거야","윤미래","12","9","277","265","12","0","0","95.67","4.33","False","23","121","229","0.3537","0.5207","11","5","68.75","35","4"
"2016","어땠을까","김나영","1","4","282","282","0","0","0","100.0","0.0","True","30","115","228","0.3421","0.5652","7","13","35.0","19","0"
"2016","시간을 달려서 (Rough)","여자친구 (GFRIEND)","2","1","451","451","0","0","0","100.0","0.0","True","44","171","380","0.2921","0.6023","7","5","58.33","23","0"
"2016","어디에도","엠씨더맥스 (M.C the MAX)","2","2","437","437","0","0","0","100.0","0.0","True","44","162","338","0.3669","0.6481","13","7","65.0","32","0"
"2016","너는 나 나는 너","지코 (ZICO)","2","3","619","494","118","0","7","80.72","19.28","False","72","264","501","0.3493","0.5947","39","32","54.93","47","23"
"2016","넌 is 뭔들","마마무 (Mamamoo)","3","2","807","569","219","6","13","72.21","27.79","False","65","318","518","0.3687","0.4811","24","30","44.44","62","27"
"2016","You Are My Everything","거미 (GUMMY)","3","3","348","240","108","0","0","68.97","31.03","False","33","116","216","0.3704","0.6293","15","11","57.69","26","18"
"2016","한숨","이하이","3","8","382","382","0","0","0","100.0","0.0","True","51","140","308","0.3182","0.5143","7","7","50.0","24","0"
"2016","봄이 좋냐??","10CM","4","1","362","362","0","0","0","100.0","0.0","True","39","139","292","0.3664","0.6475","2","3","40.0","26","0"
"2016","말해! 뭐해?","케이윌","4","4","407","344","47","0","16","87.98","12.02","False","46","168","358","0.2765","0.5893","17","13","56.67","21","12"
"2016","사랑에 빠졌죠 (당신만이)","장범준","4","5","224","224","0","0","0","100.0","0.0","True","22","79","172","0.2791","0.5443","12","11","52.17","14","0"
"2016","다시 너를","매드클라운, 김나영","4","7","721","519","194","0","8","72.79","27.21","False","73","276","514","0.3152","0.5399","21","31","40.38","27","43"
"2016","RE-BYE","AKMU (악뮤)","5","3","503","361","121","0","21","74.9","25.1","False","47","193","380","0.3053","0.544","2","1","66.67","28","32"
"2016","우아해 (woo ah)","Crush","5","10","564","379","183","0","2","67.44","32.56","False","48","226","357","0.3501","0.5088","20","14","58.82","20","31"
"2016","자격지심 (Feat. 은하 Of 여자친구)","박경","6","5","663","627","36","0","0","94.57","5.43","False","73","265","518","0.3089","0.5509","17","24","41.46","61","11"
"2016","D (half moon) (Feat. 개코)","DEAN","6","8","642","537","101","0","4","84.17","15.83","False","78","270","510","0.3392","0.6074","11","15","42.31","33","17"
"2016","Monster","EXO","6","9","896","389","475","0","32","45.02","54.98","False","69","279","499","0.3627","0.5341","26","36","41.94","30","89"
"2016","I Like That","씨스타","7","5","909","449","449","0","11","50.0","50.0","False","71","353","599","0.212","0.3258","31","27","53.45","33","17"
"2016","너 그리고 나 (NAVILLERA)","여자친구 (GFRIEND)","7","5","391","391","0","0","0","100.0","0.0","True","21","149","298","0.3993","0.6242","12","8","60.0","35","0"
"2016","휘파람","BLACKPINK","8","1","973","446","493","5","29","47.5","52.5","False","70","338","547","0.3455","0.5207","26","18","59.09","36","79"
"2016","여름밤에 우린","스탠딩 에그","8","2","309","248","61","0","0","80.26","19.74","False","28","115","224","0.3929","0.6261","11","8","57.89","24","11"
"2016","목요일 밤 (Feat. 빈지노)","어반자카파","9","3","935","449","457","1","28","49.56","50.44","False","60","310","530","0.3453","0.5387","21","29","42.0","34","95"
"2016","러시안 룰렛 (Russian Roulette)","Red Velvet (레드벨벳)","9","5","810","423","313","0","74","57.47","42.53","False","52","231","529","0.2571","0.5238","10","17","37.04","31","39"
"2016","너무너무너무","아이오아이 (I.O.I)","10","5","714","693","20","0","1","97.19","2.81","False","69","208","455","0.2989","0.5529","15","6","71.43","44","1"
"2016","내 옆에 그대인 걸","다비치","10","9","459","457","2","0","0","99.56","0.44","False","49","174","417","0.2398","0.4598","16","15","51.61","29","1"
"2016","TT","TWICE (트와이스)","11","1","796","512","269","0","15","65.56","34.44","False","64","305","531","0.2881","0.4525","39","5","88.64","28","46"
"2016","불장난","BLACKPINK","11","3","577","326","248","0","3","56.79","43.21","False","49","229","357","0.4146","0.5502","26","7","78.79","36","51"
"2016","널 너무 사랑해서 (Feat. 정은지 of 에이핑크)","MC몽","11","8","708","477","216","0","15","68.83","31.17","False","52","258","450","0.3044","0.4612","13","20","39.39","64","47"
"2016","저 별","헤이즈 (Heize)","12","1","558","504","27","0","27","94.92","5.08","False","51","248","463","0.2505","0.4556","34","10","77.27","16","6"
"2016","에라 모르겠다","BIGBANG (빅뱅)","12","2","1041","568","467","1","5","54.88","45.12","False","73","374","587","0.3629","0.5053","44","11","80.0","39","94"
"2016","나비잠 (Sweet Dream)","김희철, 민경훈","12","8","333","331","0","0","2","100.0","0.0","True","22","131","248","0.4435","0.7023","1","0","100.0","32","0"
"2016","LAST DANCE","BIGBANG (빅뱅)","12","9","712","634","72","0","6","89.8","10.2","False","56","280","524","0.2939","0.4964","14","13","51.85","57","15"
"2017","첫눈처럼 너에게 가겠다","에일리(Ailee)","1","1","302","302","0","0","0","100.0","0.0","True","35","127","258","0.4496","0.811","9","10","47.37","21","0"
"2017","에라 모르겠다","BIGBANG (빅뱅)","1","4","1041","568","467","1","5","54.88","45.12","False","73","374","587","0.3629","0.5053","44","11","80.0","39","94"
"2017","Who Are You","샘킴 (SAM KIM)","1","10","425","363","62","0","0","85.41","14.59","False","54","171","324","0.321","0.462","19","14","57.58","17","5"
"2017","Rookie","Red Velvet (레드벨벳)","2","4","1023","457","557","2","7","45.07","54.93","False","63","338","534","0.2715","0.3728","31","19","62.0","37","101"
"2017","Complex (feat. G-DRAGON)","Zion.T","2","7","874","387","457","4","26","45.85","54.15","False","61","287","465","0.4237","0.6307","38","12","76.0","33","74"
"2017","Marry Me","마크툽 (MAKTUB), 구윤회","3","4","386","321","63","0","2","83.59","16.41","False","40","143","287","0.3902","0.6503","17","5","77.27","25","16"
"2017","사랑이 잘 (With 오혁)","아이유","4","1","462","423","38","0","1","91.76","8.24","False","58","207","379","0.3193","0.57","10","8","55.56","36","4"
"2017","She's a Baby","지코 (ZICO)","4","10","467","347","116","0","4","74.95","25.05","False","44","177","324","0.5278","0.8023","5","3","62.5","46","22"
"2017","오늘 취하면 (Feat. 창모) (Prod. SUGA)","SURAN (수란)","5","1","591","475","108","2","6","81.48","18.52","False","58","254","458","0.369","0.6102","15","16","48.39","20","23"
"2017","팔레트 (Feat. G-DRAGON)","아이유","5","2","601","378","203","0","20","65.06","34.94","False","39","226","375","0.4373","0.6504","23","2","92.0","31","30"
"2017","TOMBOY","혁오 (HYUKOH)","5","9","272","272","0","0","0","100.0","0.0","True","25","111","218","0.422","0.6486","10","2","83.33","19","0"
"2017","무제(無題) (Untitled, 2014)","G-DRAGON","6","1","412","362","48","0","2","88.29","11.71","False","29","167","317","0.3754","0.6287","12","15","44.44","23","11"
"2017","LONELY","씨스타","6","8","776","502","262","0","12","65.71","34.29","False","39","267","499","0.3066","0.5206","21","14","60.0","32","44"
"2017","NEVER","국민의 아들","6","10","806","438","360","0","8","54.89","45.11","False","50","265","479","0.3591","0.5472","35","16","68.63","36","74"
"2017","비도 오고 그래서 (Feat. 신용재)","헤이즈 (Heize)","7","1","424","424","0","0","0","100.0","0.0","True","52","184","358","0.324","0.5543","8","11","42.11","33","0"
"2017","널 너무 모르고","헤이즈 (Heize)","7","2","424","424","0","0","0","100.0","0.0","True","52","184","358","0.324","0.5543","8","11","42.11","33","0"
"2017","마지막처럼","BLACKPINK","7","3","753","433","304","0","16","58.75","41.25","False","52","249","445","0.3551","0.5582","24","20","54.55","40","66"
"2017","좋니","윤종신","8","1","451","451","0","0","0","100.0","0.0","True","44","203","373","0.3673","0.6552","11","3","78.57","30","0"
"2017","Artist","지코 (ZICO)","8","10","1090","484","599","0","7","44.69","55.31","False","72","390","577","0.3951","0.5231","44","10","81.48","61","115"
"2017","선물","멜로망스","10","1","306","306","0","0","0","100.0","0.0","True","31","125","261","0.2912","0.568","7","2","77.78","26","0"
"2017","썸 탈꺼야","볼빨간사춘기","10","1","480","475","0","0","5","100.0","0.0","True","38","208","434","0.2442","0.4712","21","22","48.84","30","0"
"2017","나의 사춘기에게","볼빨간사춘기","10","3","422","422","0","0","0","100.0","0.0","True","47","155","301","0.4053","0.6903","18","0","100.0","23","0"
"2017","Blue","볼빨간사춘기","10","7","643","425","216","0","2","66.3","33.7","False","47","225","398","0.2286","0.3333","16","14","53.33","24","46"
"2017","좋아","민서 (MINSEO), 윤종신","11","3","447","446","0","0","1","100.0","0.0","True","39","203","396","0.3914","0.7537","16","8","66.67","38","0"
"2017","빈차 (Feat. 오혁)","에픽하이 (EPIK HIGH)","11","9","740","634","101","0","5","86.26","13.74","False","71","308","577","0.3726","0.6721","17","0","100.0","59","19"
"2017","기억의 빈자리","나얼","12","1","290","290","0","0","0","100.0","0.0","True","29","105","210","0.4333","0.6952","7","5","58.33","34","0"
"2017","피카부 (Peek-A-Boo)","Red Velvet (레드벨벳)","12","5","763","360","381","3","19","48.58","51.42","False","50","278","444","0.3784","0.4964","8","8","50.0","36","79"
"2017","밤이 되니까","펀치 (Punch)","12","9","451","436","14","1","0","96.89","3.11","False","44","199","374","0.369","0.6583","10","16","38.46","33","2"
"2018","instagram","DEAN","1","2","500","445","54","0","1","89.18","10.82","False","64","202","350","0.42","0.6535","10","2","83.33","51","7"
"2018","Heart Shaker","TWICE (트와이스)","1","6","980","440","534","0","6","45.17","54.83","False","69","313","508","0.2815","0.3674","28","17","62.22","39","90"
"2018","겨울소리","박효신","1","7","401","322","66","0","13","82.99","17.01","False","34","153","290","0.4103","0.6471","11","5","68.75","25","9"
"2018","사랑을 했다 (LOVE SCENARIO)","iKON","2","1","536","498","38","0","0","92.91","7.09","False","55","191","421","0.285","0.5497","13","10","56.52","54","7"
"2018","Bad Boy","Red Velvet (레드벨벳)","2","3","757","426","302","0","29","58.52","41.48","False","66","313","550","0.2964","0.4792","15","11","57.69","37","37"
"2018","꽃 길","BIGBANG (빅뱅)","3","3","670","603","56","10","1","91.5","8.5","False","58","278","515","0.3417","0.5791","15","14","51.72","41","10"
"2018","Roller Coaster","청하","3","10","735","340","388","0","7","46.7","53.3","False","57","269","400","0.3125","0.4201","29","23","55.77","24","76"
"2018","You","멜로망스","4","3","329","320","9","0","0","97.26","2.74","False","26","149","307","0.3388","0.604","11","6","64.71","27","3"
"2018","뚜두뚜두 (DDU-DU DDU-DU)","BLACKPINK","6","1","758","319","434","1","4","42.36","57.64","False","53","271","412","0.3786","0.5092","14","13","51.85","18","65"
"2018","FAKE LOVE","방탄소년단","6","3","1136","489","619","0","28","44.13","55.87","False","79","404","718","0.1936","0.2995","46","30","60.53","30","112"
"2018","모든 날, 모든 순간 (Every day, Every Moment)","폴킴","6","3","281","281","0","0","0","100.0","0.0","True","27","126","240","0.3875","0.6984","9","9","50.0","28","0"
"2018","Forever Young","BLACKPINK","6","5","1115","319","788","0","8","28.82","71.18","False","70","334","472","0.3602","0.4551","24","8","75.0","34","124"
"2018","Dance The Night Away","TWICE (트와이스)","7","2","786","264","503","0","19","34.42","65.58","False","57","252","361","0.3435","0.4087","5","7","41.67","44","99"
"2018","SoulMate (Feat. 아이유)","지코 (ZICO)","8","4","477","403","72","0","2","84.84","15.16","False","48","180","334","0.521","0.8","7","7","50.0","41","12"
"2018","Power Up","Red Velvet (레드벨벳)","8","5","989","451","522","3","13","46.35","53.65","False","71","313","467","0.3169","0.3738","13","1","92.86","51","84"
"2018","너나 해 (Egotistic)","마마무 (Mamamoo)","8","6","679","602","53","0","24","91.91","8.09","False","76","277","592","0.2416","0.4874","25","54","31.65","44","12"
"2018","사이렌 (Siren)","선미","9","1","580","325","228","0","27","58.77","41.23","False","55","200","367","0.2643","0.435","19","11","63.33","22","49"
"2018","헤어지는 중","펀치 (Punch)","9","4","296","296","0","0","0","100.0","0.0","True","30","121","246","0.4512","0.8264","11","7","61.11","26","0"
"2018","삐삐","아이유","10","2","1032","361","640","0","31","36.06","63.94","False","75","333","500","0.4","0.5195","25","4","86.21","43","133"
"2018","Good Day (Feat. 팔로알토) (Prod. 코드 쿤스트)","pH-1, 키드밀리 (Kid Milli), 루피 (Loopy), 코드 쿤스트 (CODE KUNST)","10","4","1581","754","805","1","21","48.36","51.64","False","127","541","864","0.4028","0.5915","37","7","84.09","107","165"
"2018","시간이 들겠지 (Feat. Colde)","로꼬","10","5","612","523","88","1","0","85.6","14.4","False","63","223","428","0.3598","0.583","13","3","81.25","50","16"
"2018","이별길 (GOODBYE ROAD)","iKON","10","7","785","641","114","0","30","84.9","15.1","False","83","279","586","0.2696","0.5771","30","10","75.0","50","13"
"2018","YES or YES","TWICE (트와이스)","11","2","937","539","371","0","27","59.23","40.77","False","72","345","634","0.2918","0.487","17","19","47.22","59","71"
"2018","SOLO","제니 (JENNIE)","11","3","696","198","467","0","31","29.77","70.23","False","50","233","356","0.4017","0.5107","30","9","76.92","26","98"
"2018","신용재","하은 (포맨)","12","7","382","382","0","0","0","100.0","0.0","True","40","154","302","0.2848","0.5455","6","16","27.27","27","0"
"2019","벌써 12시","청하","1","2","715","367","321","22","5","53.34","46.66","False","57","253","427","0.356","0.502","9","12","42.86","23","64"
"2019","신용재","하은 (포맨)","1","4","382","382","0","0","0","100.0","0.0","True","40","154","302","0.2848","0.5455","6","16","27.27","27","0"
"2019","아낙네","MINO (송민호)","1","6","609","456","122","0","31","78.89","21.11","False","52","227","390","0.4128","0.6476","18","15","54.55","43","15"
"2019","MILLIONS","WINNER","1","8","1022","456","560","0","6","44.88","55.12","False","81","338","530","0.3226","0.4852","15","28","34.88","42","76"
"2019","YES or YES","TWICE (트와이스)","1","10","937","539","371","0","27","59.23","40.77","False","72","345","634","0.2918","0.487","17","19","47.22","59","71"
"2019","띵 (Prod. By 기리보이)","Jvcki Wai, 양홍원, Osshun Gum, 한요한","2","7","999","853","125","8","13","87.22","12.78","False","105","421","739","0.3545","0.5843","36","10","78.26","113","29"
"2019","그때가 좋았어","케이시 (Kassy)","3","2","340","340","0","0","0","100.0","0.0","True","45","135","281","0.3665","0.6519","6","4","60.0","29","0"
"2019","달라달라","ITZY (있지)","3","3","847","328","503","0","16","39.47","60.53","False","64","306","498","0.2811","0.3791","55","9","85.94","20","93"
"2019","나만, 봄","볼빨간사춘기","4","1","437","409","28","0","0","93.59","6.41","False","36","183","339","0.3009","0.4481","11","9","55.0","24","4"
"2019","작은 것들을 위한 시 (Boy With Luv) (Feat. Halsey)","방탄소년단","4","2","1062","379","662","2","19","36.41","63.59","False","75","371","558","0.319","0.434","75","18","80.65","34","145"
"2019","별 보러 갈래?","볼빨간사춘기","4","4","763","284","468","0","11","37.77","62.23","False","53","241","358","0.3743","0.4606","25","13","65.79","16","91"
"2019","사월이 지나면 우리 헤어져요 (Beautiful goodbye)","첸 (CHEN)","4","7","364","364","0","0","0","100.0","0.0","True","30","139","269","0.4424","0.7626","14","3","82.35","37","0"
"2019","FANCY","TWICE (트와이스)","5","4","785","397","386","0","2","50.7","49.3","False","55","283","423","0.3901","0.4735","24","34","41.38","32","80"
"2019","술이 문제야","장혜진, 윤민수(바이브)","6","1","422","422","0","0","0","100.0","0.0","True","52","207","349","0.2521","0.3865","8","13","38.1","38","0"
"2019","누구 없소 (NO ONE) (Feat. B.I of iKON)","이하이","6","5","811","492","291","0","28","62.84","37.16","False","87","302","523","0.2524","0.3709","36","3","92.31","27","59"
"2019","Snapping","청하","7","6","963","222","711","0","30","23.79","76.21","False","56","268","395","0.2937","0.3545","38","14","73.08","11","126"
"2019","안녕","폴킴","8","1","292","290","2","0","0","99.32","0.68","False","31","135","250","0.424","0.6815","6","12","33.33","16","0"
"2019","그대라는 시","태연 (TAEYEON)","8","2","279","279","0","0","0","100.0","0.0","True","27","109","234","0.4274","0.7248","11","9","55.0","15","0"
"2019","오늘도 빛나는 너에게 (To You My Light) (Feat.이라온)","마크툽 (MAKTUB)","8","2","431","431","0","0","0","100.0","0.0","True","54","203","392","0.3036","0.5616","20","17","54.05","29","0"
"2019","내 맘을 볼 수 있나요","헤이즈 (Heize)","8","8","216","216","0","0","0","100.0","0.0","True","26","82","157","0.465","0.7439","8","5","61.54","11","0"
"2019","가을밤 떠난 너","케이시 (Kassy)","9","6","375","375","0","0","0","100.0","0.0","True","46","157","286","0.4336","0.6815","7","10","41.18","20","0"
"2019","조금 취했어 (Prod. 2soo)","임재현","10","3","379","367","12","0","0","96.83","3.17","False","34","170","318","0.3239","0.5529","12","2","85.71","17","2"
"2019","사랑이란 멜로는 없어","전상근","10","7","436","436","0","0","0","100.0","0.0","True","49","157","338","0.3166","0.5732","9","14","39.13","39","0"
"2019","늦은 밤 너의 집 앞 골목길에서","노을","11","2","319","319","0","0","0","100.0","0.0","True","23","130","262","0.4008","0.6154","8","7","53.33","26","0"
"2019","인기 (Feat. 송가인, 챈슬러)","MC몽","11","4","1007","552","447","0","8","55.26","44.74","False","86","333","528","0.4015","0.5526","16","7","69.57","70","65"
"2019","아마두 (feat.우원재, 김효은, 넉살, Huckleberry P)","염따, 딥플로우, 팔로알토 (Paloalto), The Quiett, 사이먼 도미닉","12","3","1538","1323","191","14","10","87.38","12.62","False","128","570","1180","0.3602","0.7807","20","5","80.0","162","30"
"2019","HIP","마마무 (Mamamoo)","12","8","894","388","500","0","6","43.69","56.31","False","74","335","466","0.3412","0.391","21","8","72.41","55","113"
"2019","METEOR","창모 (CHANGMO)","12","9","690","484","166","26","14","74.46","25.54","False","70","248","470","0.4532","0.7863","9","2","81.82","56","24"
"2020","아무노래","지코 (ZICO)","1","1","951","654","282","3","12","69.87","30.13","False","81","352","591","0.3672","0.5114","20","2","90.91","67","48"
"2020","Psycho","Red Velvet (레드벨벳)","1","3","893","416","446","0","31","48.26","51.74","False","84","312","524","0.3187","0.484","32","12","72.73","20","90"
"2020","Blueming","아이유","1","4","539","353","178","1","7","66.48","33.52","False","38","184","313","0.4537","0.6467","19","5","79.17","41","33"
"2020","흔들리는 꽃들 속에서 네 샴푸향이 느껴진거야","장범준","1","4","403","403","0","0","0","100.0","0.0","True","39","140","324","0.2685","0.4857","3","20","13.04","15","0"
"2020","아마두 (feat.우원재, 김효은, 넉살, Huckleberry P)","염따, 딥플로우, 팔로알토 (Paloalto), The Quiett, 사이먼 도미닉","1","5","1538","1323","191","14","10","87.38","12.62","False","128","570","1180","0.3602","0.7807","20","5","80.0","162","30"
"2020","마음을 드려요","아이유","2","3","354","354","0","0","0","100.0","0.0","True","47","150","291","0.3471","0.62","12","12","50.0","24","0"
"2020","둘만의 세상으로 가","Crush","2","8","265","265","0","0","0","100.0","0.0","True","27","113","225","0.4","0.6903","11","6","64.71","19","0"
"2020","Black Swan","방탄소년단","2","10","1173","342","818","0","13","29.48","70.52","False","83","378","532","0.3271","0.3942","46","16","74.19","35","141"
"2020","아로하","조정석","4","2","625","342","268","0","15","56.07","43.93","False","53","219","396","0.2727","0.4338","25","24","51.02","21","51"
"2020","나비와 고양이 (feat.백현 (BAEKHYUN))","볼빨간사춘기","5","4","381","373","8","0","0","97.9","2.1","False","30","159","306","0.2255","0.3459","17","19","47.22","17","0"
"2020","Happy","태연 (TAEYEON)","5","10","619","375","243","0","1","60.68","39.32","False","49","240","398","0.3492","0.5083","15","11","57.69","33","38"
"2020","MORE & MORE","TWICE (트와이스)","6","4","845","334","506","0","5","39.76","60.24","False","67","302","436","0.3257","0.3808","28","17","62.22","12","103"
"2020","깡 Official Remix","식케이 (Sik-K), pH-1, 박재범, 김하온 (HAON)","6","6","1069","362","687","9","11","34.51","65.49","False","79","356","544","0.421","0.5702","31","9","77.5","21","115"
"2020","너에게 난, 나에게 넌","미도와 파라솔","6","10","320","320","0","0","0","100.0","0.0","True","25","113","254","0.2756","0.4513","12","8","60.0","31","0"
"2020","다시 여기 바닷가","싹쓰리 (유두래곤, 린다G, 비룡)","7","1","434","434","0","0","0","100.0","0.0","True","53","179","359","0.3593","0.6089","12","13","48.0","41","0"
"2020","Dynamite","방탄소년단","9","1","1726","0","1702","0","24","0.0","100.0","False","78","431","479","0.2839","0.297","32","5","86.49","0","247"
"2020","Lovesick Girls","BLACKPINK","10","2","1009","308","685","0","16","31.02","68.98","False","59","321","470","0.3745","0.4922","39","9","81.25","24","102"
"2020","DON'T TOUCH ME","환불원정대","10","3","872","411","444","0","17","48.07","51.93","False","65","308","505","0.2812","0.3864","38","5","88.37","20","82"
"2020","힘든 건 사랑이 아니다","임창정","11","2","414","414","0","0","0","100.0","0.0","True","39","186","374","0.3021","0.5538","22","20","52.38","16","0"
"2020","잠이 오질 않네요","장범준","11","3","501","501","0","0","0","100.0","0.0","True","39","215","379","0.1821","0.2791","17","21","44.74","25","0"
"2020","밤하늘의 별을(2020)","경서","12","4","394","394","0","0","0","100.0","0.0","True","28","163","323","0.3313","0.5767","14","15","48.28","25","0"
"2020","Life Goes On","방탄소년단","12","9","649","399","248","0","2","61.67","38.33","False","62","238","389","0.4242","0.6092","13","1","92.86","34","32"
"2021","VVS (Feat. JUSTHIS) (Prod. GroovyRoom)","미란이 (MIRANI), 먼치맨(MUNCHMAN), Khundi Panda, 머쉬베놈 (MUSHVENOM)","1","1","1913","1207","682","9","15","63.9","36.1","False","171","712","1234","0.4052","0.6376","56","23","70.89","133","161"
"2021","힘든 건 사랑이 아니다","임창정","1","7","414","414","0","0","0","100.0","0.0","True","39","186","374","0.3021","0.5538","22","20","52.38","16","0"
"2021","내일이 오면 (Feat. 기리보이, BIG Naughty (서동현))","릴보이 (lIlBOI)","1","8","1245","834","396","2","13","67.8","32.2","False","97","440","829","0.3414","0.6977","34","7","82.93","72","68"
"2021","Celebrity","아이유","2","1","499","295","204","0","0","59.12","40.88","False","51","165","262","0.5","0.6545","7","14","33.33","31","35"
"2021","이 밤을 빌려 말해요 (바른연애 길잡이 X 10CM)","10CM","2","7","280","280","0","0","0","100.0","0.0","True","23","120","228","0.3246","0.4833","4","13","23.53","14","0"
"2021","에잇(Prod.&Feat. SUGA of BTS)","아이유","2","9","472","371","101","0","0","78.6","21.4","False","40","172","289","0.4394","0.6453","9","3","75.0","36","19"
"2021","On The Ground","로제 (ROSÉ)","3","7","1368","0","1339","0","29","0.0","100.0","False","59","357","407","0.2776","0.2885","45","13","77.59","0","199"
"2021","내 손을 잡아","아이유","3","8","387","383","0","0","4","100.0","0.0","True","54","170","347","0.3199","0.5647","12","11","52.17","23","0"
"2021","운전만해 (We Ride)","브레이브걸스","4","4","574","361","204","0","9","63.89","36.11","False","41","218","368","0.337","0.5046","22","13","62.86","28","35"
"2021","Coin","아이유","4","5","692","184","487","0","21","27.42","72.58","False","46","223","324","0.5","0.583","28","3","90.32","19","88"
"2021","Timeless","SG 워너비","5","6","382","379","0","0","3","100.0","0.0","True","26","161","326","0.3804","0.6957","13","7","65.0","29","0"
"2021","라라라","SG 워너비","5","8","401","401","0","0","0","100.0","0.0","True","28","142","321","0.3364","0.6127","14","15","48.28","44","0"
"2021","내사람","SG 워너비","5","10","482","467","12","0","3","97.49","2.51","False","28","197","402","0.2935","0.5838","38","11","77.55","27","2"
"2021","Butter","방탄소년단","6","1","1451","0","1402","2","47","0.0","100.0","False","69","381","438","0.3379","0.3307","37","17","68.52","0","248"
"2021","Next Level","aespa","6","2","956","374","562","0","20","39.96","60.04","False","82","319","520","0.375","0.5392","31","7","81.58","39","98"
"2021","ASAP","STAYC(스테이씨)","6","8","725","287","431","0","7","39.97","60.03","False","53","246","392","0.3699","0.4837","25","4","86.21","23","58"
"2021","치맛바람 (Chi Mat Ba Ram)","브레이브걸스","7","6","835","362","435","0","38","45.42","54.58","False","61","308","473","0.3531","0.4773","24","11","68.57","39","71"
"2021","낙하 (with 아이유)","AKMU (악뮤)","8","4","304","288","16","0","0","94.74","5.26","False","35","145","251","0.3865","0.5034","9","2","81.82","25","3"
"2021","My Universe","Coldplay, 방탄소년단","10","4","1009","155","825","0","29","15.82","84.18","False","51","292","390","0.3769","0.4521","43","41","51.19","10","144"
"2021","불협화음 (Feat. AKMU) (Prod. GRAY)","Mudd the student","12","4","591","558","29","0","4","95.06","4.94","False","59","225","430","0.4558","0.7956","23","2","92.0","71","8"
"2021","ELEVEN","IVE (아이브)","12","7","563","374","163","21","5","69.65","30.35","False","50","253","413","0.3269","0.4664","29","10","74.36","17","40"
"2022","사랑은 늘 도망가","임영웅","1","2","325","325","0","0","0","100.0","0.0","True","34","126","256","0.3594","0.5476","3","0","100.0","27","0"
"2022","Counting Stars (Feat. Beenzino)","BE'O (비오)","1","3","697","332","357","2","6","48.19","51.81","False","56","220","336","0.5268","0.6682","18","14","56.25","58","73"
"2022","ELEVEN","IVE (아이브)","1","4","563","374","163","21","5","69.65","30.35","False","50","253","413","0.3269","0.4664","29","10","74.36","17","40"
"2022","리무진 (Feat. MINO) (Prod. GRAY)","BE'O (비오)","1","4","1010","631","359","4","16","63.74","36.26","False","90","361","643","0.3546","0.5983","35","5","87.5","70","56"
"2022","Dreams Come True","aespa","1","8","1098","250","820","2","26","23.36","76.64","False","70","325","479","0.38","0.4985","28","24","53.85","26","161"
"2022","INVU","태연 (TAEYEON)","3","1","452","209","239","0","4","46.65","53.35","False","57","194","287","0.4286","0.5258","33","21","61.11","11","33"
"2022","사랑인가 봐","멜로망스","3","4","251","251","0","0","0","100.0","0.0","True","23","99","220","0.3455","0.6667","6","8","42.86","18","0"
"2022","언제나 사랑해","케이시 (Kassy)","3","7","310","310","0","0","0","100.0","0.0","True","34","132","260","0.3731","0.6364","11","14","44.0","31","0"
"2022","RUN2U","STAYC(스테이씨)","3","8","971","305","636","0","30","32.41","67.59","False","61","324","509","0.2613","0.3364","26","31","45.61","14","123"
"2022","LOVE DIVE","IVE (아이브)","4","1","579","235","335","1","8","41.23","58.77","False","42","190","296","0.3716","0.5","11","7","61.11","16","45"
"2022","FEARLESS","LE SSERAFIM (르세라핌)","6","9","1241","202","1011","1","27","16.65","83.35","False","76","400","530","0.2283","0.23","18","35","33.96","21","158"
"2022","그때 그 순간 그대로 (그그그)","WSG워너비 (가야G)","7","1","452","451","0","0","1","100.0","0.0","True","34","177","353","0.3428","0.5819","11","4","73.33","47","0"
"2022","보고싶었어","WSG워너비(4FIRE)","7","3","471","442","19","0","10","95.88","4.12","False","34","173","359","0.3287","0.6532","10","16","38.46","32","5"
"2022","Attention","NewJeans","8","1","914","187","715","0","12","20.73","79.27","False","68","266","356","0.3539","0.3872","30","20","60.0","6","126"
"2022","Hype Boy","NewJeans","8","2","868","201","647","4","16","23.7","76.3","False","67","278","416","0.3341","0.3885","35","28","55.56","9","129"
"2022","새삥 (Prod. ZICO) (Feat. 호미들)","지코 (ZICO)","9","1","860","529","301","16","14","63.73","36.27","False","86","343","551","0.4029","0.5656","24","2","92.31","65","57"
"2022","Pink Venom","BLACKPINK","9","3","1484","145","1302","0","37","10.02","89.98","False","71","422","518","0.3687","0.3886","20","9","68.97","12","202"
"2022","사건의 지평선","윤하 (YOUNHA)","11","1","574","572","0","1","1","100.0","0.0","True","57","222","437","0.3089","0.5045","8","4","66.67","57","0"
"2022","Nxde","i-dle (아이들)","11","2","835","318","490","0","27","39.36","60.64","False","58","270","423","0.4279","0.5259","25","9","73.53","41","93"
"2023","Ditto","NewJeans","1","1","902","165","704","0","33","18.99","81.01","False","69","273","396","0.2828","0.3114","16","13","55.17","17","98"
"2023","OMG","NewJeans","1","2","902","165","704","0","33","18.99","81.01","False","69","273","396","0.2828","0.3114","16","13","55.17","17","98"
"2023","Hype Boy","NewJeans","1","3","868","201","647","4","16","23.7","76.3","False","67","278","416","0.3341","0.3885","35","28","55.56","9","129"
"2023","사건의 지평선","윤하 (YOUNHA)","1","4","574","572","0","1","1","100.0","0.0","True","57","222","437","0.3089","0.5045","8","4","66.67","57","0"
"2023","Candy","NCT DREAM","1","9","675","664","9","0","2","98.66","1.34","False","73","288","578","0.2543","0.5104","19","25","43.18","58","1"
"2023","파이팅 해야지 (Feat. 이영지)","부석순 (SEVENTEEN)","2","6","888","574","279","10","25","67.29","32.71","False","71","325","531","0.3484","0.4892","25","0","100.0","55","39"
"2023","사랑하기 싫어","지아","3","8","264","264","0","0","0","100.0","0.0","True","32","111","216","0.3472","0.5315","5","0","100.0","24","0"
"2023","I AM","IVE (아이브)","4","1","618","293","308","3","14","48.75","51.25","False","49","227","361","0.3518","0.4758","28","8","77.78","25","55"
"2023","퀸카 (Queencard)","i-dle (아이들)","5","1","773","213","517","0","43","29.18","70.82","False","58","273","441","0.3039","0.4029","49","9","84.48","17","76"
"2023","Spicy","aespa","5","3","1349","257","1025","4","63","20.05","79.95","False","117","401","607","0.3328","0.4339","51","27","65.38","28","204"
"2023","Seven (feat. Latto) - Clean Ver.","정국","8","2","2079","0","2037","0","42","0.0","100.0","False","85","475","536","0.2966","0.3116","34","34","50.0","0","364"
"2023","New Jeans","NewJeans","8","10","868","201","647","4","16","23.7","76.3","False","67","278","416","0.3341","0.3885","35","28","55.56","9","129"
"2023","후라이의 꿈","AKMU (악뮤)","9","2","502","382","120","0","0","76.1","23.9","False","40","197","360","0.3667","0.6041","23","1","95.83","23","29"
"2023","Either Way","IVE (아이브)","10","6","367","244","107","0","16","69.52","30.48","False","37","138","264","0.4167","0.6232","15","3","83.33","18","25"
"2023","Drama","aespa","12","2","1482","245","1110","13","114","18.08","81.92","False","107","393","687","0.2955","0.4911","56","8","87.5","18","225"
"2023","첫 눈","EXO","12","3","677","595","52","1","29","91.96","8.04","False","70","257","514","0.2879","0.5409","8","10","44.44","64","7"
"2023","To. X","태연 (TAEYEON)","12","4","560","380","166","0","14","69.6","30.4","False","62","221","394","0.3173","0.4842","12","16","42.86","41","32"
"2024","비의 랩소디","임재현","1","1","298","298","0","0","0","100.0","0.0","True","28","130","248","0.3992","0.6154","12","8","60.0","22","0"
"2024","헤어지자 말해요","박재정","1","5","373","373","0","0","0","100.0","0.0","True","33","159","305","0.4197","0.7233","9","15","37.5","34","0"
"2024","첫 눈","EXO","1","7","677","595","52","1","29","91.96","8.04","False","70","257","514","0.2879","0.5409","8","10","44.44","64","7"
"2024","Baddie","IVE (아이브)","1","10","852","274","576","0","2","32.24","67.76","False","51","264","378","0.3624","0.4394","27","11","71.05","10","104"
"2024","Love wins all","아이유","2","1","457","271","177","0","9","60.49","39.51","False","39","163","267","0.4532","0.589","19","2","90.48","16","37"
"2024","홀씨","아이유","3","8","609","346","238","0","25","59.25","40.75","False","66","223","380","0.4395","0.5874","24","8","75.0","29","55"
"2024","예뻤어","DAY6 (데이식스)","4","9","442","418","23","0","1","94.78","5.22","False","61","183","378","0.3254","0.6066","13","15","46.43","29","4"
"2024","해야 (HEYA)","IVE (아이브)","5","3","782","533","222","0","27","70.6","29.4","False","77","334","593","0.3103","0.506","17","23","42.5","25","42"
"2024","SHEESH","BABYMONSTER","5","10","1076","189","865","0","22","17.93","82.07","False","84","330","417","0.4628","0.4939","13","13","50.0","24","156"
"2024","Bubble Gum","NewJeans","6","3","1047","242","787","0","18","23.52","76.48","False","79","313","425","0.3365","0.361","25","21","54.35","23","149"
"2024","한 페이지가 될 수 있게","DAY6 (데이식스)","7","6","545","347","192","0","6","64.38","35.62","False","65","214","362","0.3398","0.5093","18","9","66.67","22","34"
"2024","Welcome to the Show","DAY6 (데이식스)","9","3","326","256","68","0","2","79.01","20.99","False","44","124","241","0.4357","0.6452","6","9","40.0","22","8"
"2024","녹아내려요","DAY6 (데이식스)","9","4","376","344","28","0","4","92.47","7.53","False","47","155","284","0.3627","0.5806","6","11","35.29","31","7"
"2024","APT.","로제 (ROSÉ), Bruno Mars","10","1","1154","187","921","0","46","16.88","83.12","False","80","345","410","0.2366","0.2609","32","20","61.54","63","156"
"2024","UP (KARINA Solo)","aespa","10","4","1107","196","875","7","29","18.3","81.7","False","78","372","471","0.3546","0.3817","36","9","80.0","9","121"
"2024","Supersonic","프로미스나인","10","8","893","142","742","3","6","16.06","83.94","False","58","253","318","0.4214","0.4308","32","10","76.19","10","142"
"2024","Whiplash","aespa","11","2","1356","191","1092","4","69","14.89","85.11","False","116","332","506","0.3063","0.4036","17","11","60.71","20","178"
"2024","HOME SWEET HOME (feat. 태양, 대성)","G-DRAGON","12","1","1606","112","1363","4","127","7.59","92.41","False","72","436","630","0.3937","0.4862","47","26","64.38","14","254"
"2024","나는 반딧불","황가람","12","4","360","360","0","0","0","100.0","0.0","True","28","142","297","0.2525","0.4296","25","1","96.15","22","0"
"2025","Drowning","WOODZ","1","2","572","176","370","0","26","32.23","67.77","False","46","172","298","0.3456","0.4302","33","10","76.74","5","49"
"2025","Whiplash","aespa","1","3","1356","191","1092","4","69","14.89","85.11","False","116","332","506","0.3063","0.4036","17","11","60.71","20","178"
"2025","toxic till the end","로제 (ROSÉ)","1","5","1296","0","1284","0","12","0.0","100.0","False","70","340","361","0.3573","0.3441","46","25","64.79","0","212"
"2025","너와의 모든 지금","재쓰비 (JAESSBEE)","1","8","540","424","108","0","8","79.7","20.3","False","57","208","391","0.3939","0.6346","29","13","69.05","27","26"
"2025","REBEL HEART","IVE (아이브)","2","1","856","232","605","0","19","27.72","72.28","False","56","278","399","0.3634","0.4388","51","8","86.44","21","116"
"2025","오늘만 I LOVE YOU","BOYNEXTDOOR","2","7","526","388","122","0","16","76.08","23.92","False","49","203","355","0.4","0.5764","11","7","61.11","51","16"
"2025","너에게 닿기를","10CM","5","1","285","285","0","0","0","100.0","0.0","True","26","100","224","0.3348","0.49","1","0","100.0","25","0"
"2025","Never Ending Story","아이유","6","3","281","281","0","0","0","100.0","0.0","True","22","112","219","0.3333","0.4732","3","9","25.0","12","0"
"2025","Golden","HUNTR/X, EJAE, AUDREY NUNA, REI AMI, KPop Demon Hunters Cast","7","1","1125","34","1003","0","88","3.28","96.72","False","40","297","428","0.3201","0.4007","44","4","91.67","1","157"
"2025","FAMOUS","ALLDAY PROJECT","7","2","1446","228","1174","0","44","16.26","83.74","False","74","447","607","0.3377","0.3982","74","17","81.32","22","230"
"2025","Your Idol","KPop Demon Hunters Cast, Danny Chung, Saja Boys, Andrew Choi, Neckwav, Kevin Woo, samUIL Lee","8","9","1587","48","1434","0","105","3.24","96.76","False","61","415","567","0.3086","0.388","50","48","51.02","6","271"
"2025","Blue Valentine","NMIXX","11","1","999","183","781","0","35","18.98","81.02","False","63","273","391","0.4169","0.5385","30","16","65.22","11","143"
"2025","타임캡슐","다비치","11","2","475","474","0","0","1","100.0","0.0","True","57","207","396","0.4066","0.7005","20","5","80.0","32","0"
"2025","ONE MORE TIME","ALLDAY PROJECT","12","4","1361","156","1166","0","39","11.8","88.2","False","84","378","514","0.3969","0.4497","28","15","65.12","7","232"
