Year,총 곡수,순수 한글 (곡),순수 한글 (%),순수 영문 (곡),순수 영문 (%),한·영 혼용 (곡),한·영 혼용 (%),기타(숫자/기호) (곡),기타(숫자/기호) (%)
2015,89,36,40.4,20,22.5,33,37.1,0,0.0
2016,77,32,41.6,18,23.4,26,33.8,1,1.3
2017,70,25,35.7,27,38.6,18,25.7,0,0.0
2018,63,32,50.8,18,28.6,13,20.6,0,0.0
2019,69,39,56.5,12,17.4,18,26.1,0,0.0
2020,55,21,38.2,18,32.7,16,29.1,0,0.0
2021,52,16,30.8,21,40.4,15,28.8,0,0.0
2022,48,11,22.9,26,54.2,11,22.9,0,0.0
2023,42,12,28.6,28,66.7,2,4.8,0,0.0
2024,49,19,38.8,25,51.0,5,10.2,0,0.0
2025,36,11,30.6,21,58.3,4,11.1,0,0.0
