Year,Artist,Original_Title,Credit_Removed_Title,Original_Type,Credit_Removed_Type
2015,매드클라운,화 (Feat. 진실 Of Mad Soul Child) (Fire),화 (Fire),한글·영문 함께 포함,한글·영문 함께 포함
2015,"15& (박지민, 백예린)",사랑은 미친짓 (Feat. 칸토 of 트로이),사랑은 미친짓,한글·영문 함께 포함,한글 포함·영문 없음
2015,"소유 (SOYOU), 기리보이",팔베개 (Feat. 기현) (Pillow),팔베개 (Pillow),한글·영문 함께 포함,한글·영문 함께 포함
2015,MC몽,사랑 범벅 (Feat. 챈슬러 of the channels),사랑 범벅,한글·영문 함께 포함,한글 포함·영문 없음
2015,"지민, 임슬옹",시작이 좋아 2015 (Prod. By 버벌진트),시작이 좋아 2015,한글·영문 함께 포함,한글 포함·영문 없음
2015,"제시 (Jessi), 치타 (CHEETAH), 강남",My Type (Prod. By 버벌진트),My Type,한글·영문 함께 포함,영문 포함·한글 없음
2015,"키썸 (Kisum), San E (산이), 태완 (Taewan)",슈퍼스타 (Prod. by D.O),슈퍼스타,한글·영문 함께 포함,한글 포함·영문 없음
2015,가인,Apple (Feat. 박재범),Apple,한글·영문 함께 포함,영문 포함·한글 없음
2015,박진영,어머님이 누구니 (Feat. 제시),어머님이 누구니,한글·영문 함께 포함,한글 포함·영문 없음
2015,다비치,두사랑 (Feat. 매드클라운),두사랑,한글·영문 함께 포함,한글 포함·영문 없음
2015,"치타 (CHEETAH), 에일리(Ailee)",아무도 모르게 (Prod. by MC몽),아무도 모르게,한글·영문 함께 포함,한글 포함·영문 없음
2015,San E (산이),Me You (Feat. 백예린 Of 15&),Me You,한글·영문 함께 포함,영문 포함·한글 없음
2015,보아 (BoA),Who Are You (Feat. 개코),Who Are You,한글·영문 함께 포함,영문 포함·한글 없음
2015,백아연,이럴거면 그러지말지 (Feat. Young K),이럴거면 그러지말지,한글·영문 함께 포함,한글 포함·영문 없음
2015,"Ja Mezz, Andup (앤덥), MINO (송민호)",거북선 (Feat. 팔로알토),거북선,한글·영문 함께 포함,한글 포함·영문 없음
2015,MINO (송민호),겁 (Feat. 태양),겁,한글·영문 함께 포함,한글 포함·영문 없음
2015,태연 (TAEYEON),I (Feat. 버벌진트),I,한글·영문 함께 포함,영문 포함·한글 없음
2015,개리,바람이나 좀 쐐 (Feat. 우혜미),바람이나 좀 쐐,한글·영문 함께 포함,한글 포함·영문 없음
2015,박경,보통연애 (Feat. 박보람),보통연애,한글·영문 함께 포함,한글 포함·영문 없음
2015,"정경 (a.k.a 유재환) of Rose, 림킴 (김예림)",커피 (Prod. by G-Park 박명수),커피,한글·영문 함께 포함,한글 포함·영문 없음
2015,지코 (ZICO),Boys And Girls (Feat. Babylon),Boys And Girls,영문 포함·한글 없음,영문 포함·한글 없음
2015,싸이 (PSY),DADDY (Feat. CL of 2NE1),DADDY,영문 포함·한글 없음,영문 포함·한글 없음
2015,지코 (ZICO),유레카 (Feat. Zion.T),유레카,한글·영문 함께 포함,한글 포함·영문 없음
2015,김필,청춘 (Feat. 김창완),청춘,한글·영문 함께 포함,한글 포함·영문 없음
2016,개리,또 하루 (Feat. 개코),또 하루,한글·영문 함께 포함,한글 포함·영문 없음
2016,"수지 (Suzy), 백현 (BAEKHYUN)",Dream (Prod. by 박근태),Dream,한글·영문 함께 포함,영문 포함·한글 없음
2016,케이윌,니가 하면 로맨스 (Feat. 다비치),니가 하면 로맨스,한글·영문 함께 포함,한글 포함·영문 없음
2016,지코 (ZICO),유레카 (Feat. Zion.T),유레카,한글·영문 함께 포함,한글 포함·영문 없음
2016,싸이 (PSY),DADDY (Feat. CL of 2NE1),DADDY,영문 포함·한글 없음,영문 포함·한글 없음
2016,Crush,잊어버리지마 (Feat. 태연),잊어버리지마,한글·영문 함께 포함,한글 포함·영문 없음
2016,지민,야 하고 싶어 (Feat. 시우민 of EXO),야 하고 싶어,한글·영문 함께 포함,한글 포함·영문 없음
2016,정은지,하늘바라기 (Feat. 하림),하늘바라기,한글·영문 함께 포함,한글 포함·영문 없음
2016,에디킴,내 입술 따뜻한 커피처럼 (Feat. 이성경) (Prod. by 박근태),내 입술 따뜻한 커피처럼,한글·영문 함께 포함,한글 포함·영문 없음
2016,박경,자격지심 (Feat. 은하 Of 여자친구),자격지심,한글·영문 함께 포함,한글 포함·영문 없음
2016,"사이먼 도미닉, ONE, 지투 (g2), BewhY (비와이)",니가 알던 내가 아냐 (Prod. By GRAY),니가 알던 내가 아냐,한글·영문 함께 포함,한글 포함·영문 없음
2016,DEAN,D (half moon) (Feat. 개코),D (half moon),한글·영문 함께 포함,영문 포함·한글 없음
2016,BewhY (비와이),Forever (Prod. By GRAY),Forever,영문 포함·한글 없음,영문 포함·한글 없음
2016,BewhY (비와이),Day Day (Feat. 박재범) (Prod. by GRAY),Day Day,한글·영문 함께 포함,영문 포함·한글 없음
2016,언니쓰,Shut Up (Feat. 유희열),Shut Up,한글·영문 함께 포함,영문 포함·한글 없음
2016,어반자카파,목요일 밤 (Feat. 빈지노),목요일 밤,한글·영문 함께 포함,한글 포함·영문 없음
2016,헤이즈 (Heize),돌아오지마 (Feat. 용준형 Of 비스트),돌아오지마,한글·영문 함께 포함,한글 포함·영문 없음
2016,MC몽,널 너무 사랑해서 (Feat. 정은지 of 에이핑크),널 너무 사랑해서,한글·영문 함께 포함,한글 포함·영문 없음
2016,로꼬,남아있어 (Feat. Crush),남아있어,한글·영문 함께 포함,한글 포함·영문 없음
2016,지코 (ZICO),"BERMUDA TRIANGLE (Feat. Crush, DEAN)",BERMUDA TRIANGLE,영문 포함·한글 없음,영문 포함·한글 없음
2017,황광희 X 개코,당신의 밤 (Feat. 오혁),당신의 밤,한글·영문 함께 포함,한글 포함·영문 없음
2017,Zion.T,Complex (feat. G-DRAGON),Complex,영문 포함·한글 없음,영문 포함·한글 없음
2017,정키,부담이 돼 (Feat. 휘인 Of 마마무),부담이 돼,한글·영문 함께 포함,한글 포함·영문 없음
2017,SURAN (수란),오늘 취하면 (Feat. 창모) (Prod. SUGA),오늘 취하면,한글·영문 함께 포함,한글 포함·영문 없음
2017,아이유,팔레트 (Feat. G-DRAGON),팔레트,한글·영문 함께 포함,한글 포함·영문 없음
2017,"효린, 창모 (CHANGMO)",BLUE MOON (Prod. GroovyRoom),BLUE MOON,영문 포함·한글 없음,영문 포함·한글 없음
2017,헤이즈 (Heize),비도 오고 그래서 (Feat. 신용재),비도 오고 그래서,한글·영문 함께 포함,한글 포함·영문 없음
2017,"넉살, 한해, RYNO (라이노), 조우찬",N분의1 (Feat. 다이나믹듀오),N분의1,한글·영문 함께 포함,한글·영문 함께 포함
2017,"행주, 양홍원, Hash Swan, 킬라그램 (KILLAGRAMZ)","요즘것들 (Feat. ZICO, DEAN)",요즘것들,한글·영문 함께 포함,한글 포함·영문 없음
2017,우원재,시차 (We Are) (Feat. 로꼬 & GRAY),시차 (We Are),한글·영문 함께 포함,한글·영문 함께 포함
2017,행주,"Red Sun (Feat. ZICO, Swings)",Red Sun,영문 포함·한글 없음,영문 포함·한글 없음
2017,에픽하이 (EPIK HIGH),연애소설 (Feat. 아이유),연애소설,한글·영문 함께 포함,한글 포함·영문 없음
2017,에픽하이 (EPIK HIGH),빈차 (Feat. 오혁),빈차,한글·영문 함께 포함,한글 포함·영문 없음
2017,Zion.T,눈 (Feat. 이문세),눈,한글·영문 함께 포함,한글 포함·영문 없음
2018,헤이즈 (Heize),Jenga (Feat. Gaeko),Jenga,영문 포함·한글 없음,영문 포함·한글 없음
2018,"김하온 (HAON), 빈첸",바코드 (Prod. GroovyRoom),바코드,한글·영문 함께 포함,한글 포함·영문 없음
2018,김하온 (HAON),붕붕 (Feat. 식케이) (Prod. GroovyRoom),붕붕,한글·영문 함께 포함,한글 포함·영문 없음
2018,지코 (ZICO),SoulMate (Feat. 아이유),SoulMate,한글·영문 함께 포함,영문 포함·한글 없음
2018,"pH-1, 키드밀리 (Kid Milli), 루피 (Loopy), 코드 쿤스트 (CODE KUNST)",Good Day (Feat. 팔로알토) (Prod. 코드 쿤스트),Good Day,한글·영문 함께 포함,영문 포함·한글 없음
2018,로꼬,시간이 들겠지 (Feat. Colde),시간이 들겠지,한글·영문 함께 포함,한글 포함·영문 없음
2019,이소라,신청곡 (Feat. SUGA of BTS),신청곡,한글·영문 함께 포함,한글 포함·영문 없음
2019,"Jvcki Wai, 양홍원, Osshun Gum, 한요한",띵 (Prod. By 기리보이),띵,한글·영문 함께 포함,한글 포함·영문 없음
2019,에픽하이 (EPIK HIGH),술이 달다 (Feat. Crush),술이 달다,한글·영문 함께 포함,한글 포함·영문 없음
2019,박봄 (Park Bom),봄 (feat. 산다라박),봄,한글·영문 함께 포함,한글 포함·영문 없음
2019,방탄소년단,작은 것들을 위한 시 (Boy With Luv) (Feat. Halsey),작은 것들을 위한 시 (Boy With Luv),한글·영문 함께 포함,한글·영문 함께 포함
2019,임재현,사랑에 연습이 있었다면 (Prod. 2soo),사랑에 연습이 있었다면,한글·영문 함께 포함,한글 포함·영문 없음
2019,이하이,누구 없소 (NO ONE) (Feat. B.I of iKON),누구 없소 (NO ONE),한글·영문 함께 포함,한글·영문 함께 포함
2019,휘인 (Whee In),헤어지자 (Prod. 정키),헤어지자,한글·영문 함께 포함,한글 포함·영문 없음
2019,임재현,조금 취했어 (Prod. 2soo),조금 취했어,한글·영문 함께 포함,한글 포함·영문 없음
2019,MC몽,"인기 (Feat. 송가인, 챈슬러)",인기,한글·영문 함께 포함,한글 포함·영문 없음
2020,지코 (ZICO),Summer Hate (Feat. 비),Summer Hate,한글·영문 함께 포함,영문 포함·한글 없음
2020,"싹쓰리 (유두래곤, 린다G, 비룡)",여름 안에서 by 싹쓰리 (Feat. 황광희),여름 안에서 by 싹쓰리,한글·영문 함께 포함,한글·영문 함께 포함
2020,"미란이 (MIRANI), 먼치맨(MUNCHMAN), Khundi Panda, 머쉬베놈 (MUSHVENOM)",VVS (Feat. JUSTHIS) (Prod. GroovyRoom),VVS,영문 포함·한글 없음,영문 포함·한글 없음
2021,"미란이 (MIRANI), 먼치맨(MUNCHMAN), Khundi Panda, 머쉬베놈 (MUSHVENOM)",VVS (Feat. JUSTHIS) (Prod. GroovyRoom),VVS,영문 포함·한글 없음,영문 포함·한글 없음
2021,sokodomo,"회전목마 (Feat. Zion.T, 원슈타인) (Prod. Slom)",회전목마,한글·영문 함께 포함,한글 포함·영문 없음
2021,"아넌딜라이트(Anandelight), unofficialboyy, BE'O (비오), 지구인, Mudd the student",쉬어 (Feat. MINO) (Prod. GRAY),쉬어,한글·영문 함께 포함,한글 포함·영문 없음
2021,"개코, 아우릴고트 (OUREALGOAT), SINCE, 안병웅, Tabber, 조광일, 코드 쿤스트 (CODE KUNST)",Wake Up (Prod. 코드 쿤스트),Wake Up,한글·영문 함께 포함,영문 포함·한글 없음
2021,BE'O (비오),리무진 (Feat. MINO) (Prod. GRAY),리무진,한글·영문 함께 포함,한글 포함·영문 없음
2021,베이식 (Basick),만남은 쉽고 이별은 어려워 (Feat. Leellamarz) (Prod. TOIL),만남은 쉽고 이별은 어려워,한글·영문 함께 포함,한글 포함·영문 없음
2021,Mudd the student,불협화음 (Feat. AKMU) (Prod. GRAY),불협화음,한글·영문 함께 포함,한글 포함·영문 없음
2021,BE'O (비오),Counting Stars (Feat. Beenzino),Counting Stars,영문 포함·한글 없음,영문 포함·한글 없음
2022,sokodomo,"회전목마 (Feat. Zion.T, 원슈타인) (Prod. Slom)",회전목마,한글·영문 함께 포함,한글 포함·영문 없음
2022,BE'O (비오),Counting Stars (Feat. Beenzino),Counting Stars,영문 포함·한글 없음,영문 포함·한글 없음
2022,BE'O (비오),리무진 (Feat. MINO) (Prod. GRAY),리무진,한글·영문 함께 포함,한글 포함·영문 없음
2022,베이식 (Basick),만남은 쉽고 이별은 어려워 (Feat. Leellamarz) (Prod. TOIL),만남은 쉽고 이별은 어려워,한글·영문 함께 포함,한글 포함·영문 없음
2022,박재범,GANADARA (Feat. 아이유),GANADARA,한글·영문 함께 포함,영문 포함·한글 없음
2022,싸이 (PSY),That That (prod. & feat. SUGA of BTS),That That,영문 포함·한글 없음,영문 포함·한글 없음
2022,BIG Naughty (서동현),정이라고 하자 (Feat. 10CM),정이라고 하자,한글·영문 함께 포함,한글 포함·영문 없음
2022,지코 (ZICO),새삥 (Prod. ZICO) (Feat. 호미들),새삥,한글·영문 함께 포함,한글 포함·영문 없음
2022,Crush,Rush Hour (Feat. j-hope of BTS),Rush Hour,영문 포함·한글 없음,영문 포함·한글 없음
2022,"저스디스 (JUSTHIS), R.Tee, 던말릭 (DON MALIK), 허성현 (rosy), KHAN, 맥대디 (Mckdaddy), 로스 (Los)",마이웨이 (MY WAY) (Prod. R.Tee),마이웨이 (MY WAY),한글·영문 함께 포함,한글·영문 함께 포함
2023,이영지,NOT SORRY (Feat. pH-1) (Prod. by Slom),NOT SORRY,영문 포함·한글 없음,영문 포함·한글 없음
2023,태양,VIBE (feat. Jimin of BTS),VIBE,영문 포함·한글 없음,영문 포함·한글 없음
2023,부석순 (SEVENTEEN),파이팅 해야지 (Feat. 이영지),파이팅 해야지,한글·영문 함께 포함,한글 포함·영문 없음
2023,LE SSERAFIM (르세라핌),UNFORGIVEN (feat. Nile Rodgers),UNFORGIVEN,영문 포함·한글 없음,영문 포함·한글 없음
2023,정국,Seven (feat. Latto) - Clean Ver.,Seven - Clean Ver.,영문 포함·한글 없음,영문 포함·한글 없음
2023,"다이나믹 듀오, 이영지","Smoke (Prod. Dynamicduo, Padi)",Smoke,영문 포함·한글 없음,영문 포함·한글 없음
2024,지코 (ZICO),SPOT! (feat. JENNIE),SPOT!,영문 포함·한글 없음,영문 포함·한글 없음
2024,G-DRAGON,"HOME SWEET HOME (feat. 태양, 대성)",HOME SWEET HOME,한글·영문 함께 포함,영문 포함·한글 없음
2025,G-DRAGON,"HOME SWEET HOME (feat. 태양, 대성)",HOME SWEET HOME,한글·영문 함께 포함,영문 포함·한글 없음
2025,G-DRAGON,TOO BAD (feat. Anderson .Paak),TOO BAD,영문 포함·한글 없음,영문 포함·한글 없음
2025,"LE SSERAFIM (르세라핌), j-hope",SPAGHETTI (feat. j-hope of BTS),SPAGHETTI,영문 포함·한글 없음,영문 포함·한글 없음
