호,발행일,제목
1,2021.07.21.,ISSUE_01 온산병 사태를 사진으로 기록한 청년들
2,2021.09.10.,ISSUE_02 오래된 예언 _ 황규태의 묵시록적인 사진
3,2021.12.24.,ISSUE_03 작가 활동 소식 _ 안홍범의 풍경사진
4,2022.1.24.,"ISSUE_04 EPA NEWS _ <사진, 지구를 대신하여 인류에게 경고하다>"
5,2022.1.24.,ISSUE 05_ EPA NEWS <2021년 올해의 사진에 선정 된 임안나 작가의 사진>
6,2022.1.25.,ISSUE 06_EPA NEWS <청년 사진 작가 이희망>
7,2022.3.10.,ISSUE07_EPA Artist <이진경 작가의 진경산수>
8,2022.3.11.,"ISSUE08_EPA News <2011년 3월 11일 14시 46분, 김지연의 기록 >"
9,2022.3.29.,ISSUE09_EPA 한국 환경 이슈 <새만금은 어디인가요? >
10,2022.4.5.,ISSUE10_EPA Artist <김정대_스티로폼 위에 핀 꽃>
11,2022.4.17.,ISSUE11_EPA Re-View《대지의 시간 Time of the Earth》
12,2022.4.24.,"ISSUE12_EPA Monument《그리고,,, 아무것도 하지 않았다》"
13,2022.5.10.,ISSUE13_EPA 한국 환경 이슈 <매향리(梅香里)에는 매화꽃이 있다? 없다!>
14,2022.5.16.,"ISSUE14_EPA News_이상일 개인전, 메멘토 모리"
15,2022.5.24.,ISSUE15 EPA Inter-View _ <백령도 점박이물범 지킴이 박정운>
16,2022.8.15.,ISSUE16_EPA Artist_동물사진가 박찬원
17,2022.8.28.,EPA_ZINE_17_EPA NEWS _ 국립현대미술관 다원예술 2022 《미술관-탄소-프로젝트》개최
18,2022.8.28.,"EPA_ZINE_18_EPA NEWS ""기후 위기 시대 미술관 친환경 실천!"""
19,2022.9.3.,"EPA_ZINE_19_EPA NEWS_한성필 개인전, <표면의 이면 Inverted Surfaces>"
20,2022.9.12.,EPA_ZINE_20_EPA NEWS_<Museum Project>를 선보인 임준영 작가
21,2022.9.15.,EPA_ZINE_21_EPA Artist_ <김순임>
22,2022.10.24.,ISSUE22_EPA Artist <임채욱>
23,2022.10.31.,ISSUE23_EPA News <2022 담양아트위크 “유유자적(悠悠自適)” 전시에 참여한 EPA작가들>
24,2022.11.13.,"ISSUE24_EPA Artist <빛을 캐는 광부 사진가, 전제훈>"
25,2022.12.1.,ISSUE25_EPA Artist 박나윤_ ‘개친절’한 나윤씨의 ‘개아름다운’ 사진들
26,2022.12.10.,EPA_ZINE_26_EPA NEWS_잃어버린 것을 찾아서
27,2023.01.25,ISSUE 27_ EPA ARTIST_정봉채
28,2023.02.10,ISSUE 28_ EPA NEWA_플로라 보르시 – ANIMEYED
29,2023.04.25,ISSUE 29_ EPA ARTIST 김언지
30,2023.04.25,ISSUE 30_ EPA NEWS 〈4월 25일은 세계 펭귄의 날〉
31,2023.05.10,ISSUE 31_ EPA NEWS 〈전시장으로 옮겨 온 기후범죄 재판소 : 멸종 전쟁〉
32,2023.05.16,"ISSUE 32_ EPA WORKS_자연의 모습을 기억하기, 알기, 보여주기"
33,2023.05.28,ISSUE 33_ EPA ARTIST 안홍범
34,2023.05.31,ISSUE 34_ EPA WORKs_세상의 모든 알바트로스에게
35,2023.06.05,"ISSUE 35_ EPA WORKs_환경의 날, 숲과나눔의 에코포토아카이브 열람"
36,2023.06.20,ISSUE 36_ EPA NEWS_0.1cm 극지로 떠난 예술가들_박홍순 작가 참여
37,2023.06.26,ISSUE 37_ EPA NEWS_(재)숲과나눔 '1인가구' 사진 포트폴리오 공모
38,2023.08.13,ISSUE 38_ EPA ARTIST_한희준
39,2023.08.21,ISSUE 39_ EPA ARTIST_박종호
40,2023.09.06,ISSUE 40_ EPA Highlight_강제윤
41,2023.11.23,ISSUE 41_ EPA ARTIST_임동식
42,2023.12.05,ISSUE 42_ EPA ARTIST_문선희
43,2024.07.01.,ISSUE43_EPA Works_예술이 된 방사성 물질 해독제
44,2024.07.07.,"ISSUE44_EPA News_밥상 잘 차려주는 언니, 마침내 큰 '상'을 받다."
45,2024.07.16.,"ISSUE45_EPA News_사진 속으로 숨은 서울, 끝내 사진이 된 서울"
46,2024.07.20.,"ISSUE46_EPA Artist_심규동_나 홀로 집에 - 한국편, 온빛사진상 타다!"
47,2024.07.29.,"ISSUE 47_EPA Artist_조은_木木木, 온전히 빛나는 삶의 순간들"
48,2024.08.03.,ISSUE 48_EPA Emerging Artist_청년 작가 장소영의 생태 의식
49,2024.08.13.,ISSUE 49_EPA Exhibition_우리가 인디언으로 알던 사람들
50,2024.08.19.,"ISSUE 50_EPA Artist_여수 바다와 사랑에 빠진 사람, 임영기 작가"
51,2024.08.26.,ISSUE 51_EPA Focus_호랑이가 미술관으로 온 까닭은?
52,2024.09.03.,"ISSUE 52_EPA Artist_유령의 집, 조현택의 카메라옵스큐라"
53,2024.09.12.,ISSUE 53_EPA Focus_돌아가고 싶은 고향이 있습니까?
54,2024.09.23.,ISSUE 54_EPA Focus_'콘크리트 녹색섬'을 아시나요?
55,2024.09.30.,"ISSUE 55_EPA Artist_청년농부 사진가, 김일목의 사진 농사 이야기"
56,2024.10.14.,ISSUE 56_EPA Focus_미래에서 온 원숭이들
57,2024.10.23.,ISSUE 57_EPA Artist_청주의 기억을 발굴하는 '이재복' 작가
58,2024.11.06.,ISSUE 58_EPA Focus_그린 인 라이브러리
59,2024.11.25.,"ISSUE 59_EPA News_41.6% 1인가구, 나 홀로 집에"
60,2024.12.03.,ISSUE 60_웰컴 2025! 숲과나눔의 <우리바다>
61,2025.01.15.,ISSUE 61_EPA Works_코로나는 어디로 갔나요?
62,2025.02.05.,ISSUE 62_EPA Focus_'APT.'와 appartment와 <아파트>
63,2025.02.20.,ISSUE 63_EPA Artist_박정근
64,2025.04.21.,ISSUE 64_EPA Artist_김영래
65,2025.05.08.,ISSUE 65_영희와 고양이 마을 이야기
66,2025.05.22.,"ISSUE 66_움직이는 식물도감, 현진오 소장님"
