# 시작일: 20250601,,,
# 종료일: 20260531,,,
페이지 경로 및 화면 클래스,조회수,,
/find,27571.0,,
/,14253.0,,
/items/show/1140,12792.0,,
/solr-search,2740.0,,
/multi-collections/multi-collections/group,1680.0,,
/find/intro,1662.0,,
/items/show/1168,1525.0,,
/about,1257.0,,
/items/show/1134,1216.0,,
/exhibits/column,1119.0,,
/items/show/1160,944.0,,
/exhibits/essay,704.0,,
/exhibits,688.0,,
/items/show/1133,674.0,,
/multi-collections/multi-collections/person,674.0,,
/users/login,630.0,,
/items/show/82808,450.0,,
/items/show/9881,445.0,,
/exhibits/show/essay-04/p01,430.0,,
/guest-user/user/register,419.0,,
/items/show/91889,417.0,,
/process,401.0,,
/items/show/12173,397.0,,
/guide,386.0,,
/contribution/contribute,380.0,,
/items/show/86321,347.0,,
/items/show/29460,327.0,,
/items/show/7400,294.0,,
/people,277.0,,
/items/show/26562,271.0,,
/items/show/85668,265.0,,
/exhibits/show/ex-02/ex-02-p01,244.0,,
/items/show/32408,240.0,,
/items/case,231.0,,
/contribution/donate,230.0,,
/items/show/79169,222.0,,
/contribution/sponsor,218.0,,
/items/show/1141,217.0,,
/items/show/1148,216.0,,
/exhibits/show/essay-03/p01,215.0,,
/notice,213.0,,
/items/show/86357,211.0,,
/contribution,208.0,,
/items/show/35119,191.0,,
/items/show/86230,190.0,,
/items/history,182.0,,
/items/show/27908,167.0,,
/guide-02,162.0,,
/items/show/27450,158.0,,
/multi-collections/multi-collections/show/id/31,149.0,,
/items/show/1156,148.0,,
/items/show/853,147.0,,
/items/show/24207,145.0,,
/items/group,139.0,,
/items/show/7526,135.0,,
/find/advanced,124.0,,
/items/show/28365,124.0,,
/items/show/27683,118.0,,
/items/show/65469,118.0,,
/items/show/83529,117.0,,
/items/show/24994,116.0,,
/items/show/76616,116.0,,
/items/show/42014,114.0,,
/items/show/8579,114.0,,
/exhibits/show/column-06/p01,110.0,,
/guide-04,110.0,,
/items/show/72149,109.0,,
/items/show/684,106.0,,
/guide-03,105.0,,
/exhibits/show/essay-02/p01,103.0,,
/items/show/1146,102.0,,
/items/show/62510,98.0,,
/items/show/47580,93.0,,
/items/show/32337,92.0,,
/items/show/72156,92.0,,
/items/show/13463,91.0,,
/items/show/52833,91.0,,
/items/show/1144,89.0,,
/items/show/44993,88.0,,
/items/show/10955,87.0,,
/exhibits/show/column-04/p01,86.0,,
/items/show/1152,86.0,,
/items/show/61417,86.0,,
/items/show/25827,85.0,,
/items/show/76557,85.0,,
/items/show/84199,85.0,,
/items/show/65771,84.0,,
/items/show/83531,83.0,,
/multi-collections/multi-collections/show/id/37,83.0,,
/exhibits/show/column-08/p01,82.0,,
/items/show/60261,82.0,,
/items/show/1145,81.0,,
/items/show/81614,80.0,,
/exhibits/show/contents-01/p01,79.0,,
/items/show/1149,79.0,,
/items/show/62055,79.0,,
/items/show/15613,78.0,,
/items/show/29316,78.0,,
/items/show/84066,77.0,,
/items/show/96706,77.0,,
/multi-collections/multi-collections/show/id/35,77.0,,
/items/show/29666,76.0,,
/items/show/29726,76.0,,
/exhibits/show/2023-c02/2023-c02-1,74.0,,
/items/show/90523,73.0,,
/items/show/30212,71.0,,
/items/show/914,71.0,,
/guide-05,70.0,,
/items/show/47810,70.0,,
/multi-collections/multi-collections/show/id/44,70.0,,
/items/show/1137,69.0,,
/multi-collections/multi-collections/show/id/22,69.0,,
/multi-collections/multi-collections/show/id/55,67.0,,
/exhibits/show/column-25/p01,66.0,,
/items/show/32343,66.0,,
/exhibits/show/column-03/p01,65.0,,
/items/show/6638,65.0,,
/items/show/1138,64.0,,
/items/show/72158,64.0,,
/items/show/7672,64.0,,
/items/show/8972,64.0,,
/items/show/92218,63.0,,
/exhibits/show/column-15/p01,62.0,,
/items/show/26349,61.0,,
/items/show/37260,61.0,,
/items/show/43177,61.0,,
/items/show/96463,61.0,,
/multi-collections/multi-collections/show/id/34,61.0,,
/find/websearch,60.0,,
/items/show/81662,60.0,,
/multi-collections/multi-collections/show/id/53,60.0,,
/exhibits/show/column-01/p01,59.0,,
/items/show/9344,59.0,,
/items/show/38046,58.0,,
/items/show/76501,58.0,,
/items/show/850,58.0,,
/items/show/95602,58.0,,
/exhibits/show/column-22/p01,57.0,,
/items/show/12801,57.0,,
/items/show/9170,57.0,,
/items/show/30244,55.0,,
/items/show/38862,55.0,,
/items/show/6640,55.0,,
/items/show/17292,53.0,,
/items/show/46272,53.0,,
/items/show/78448,52.0,,
/items/show/96767,52.0,,
/items/show/1135,51.0,,
/items/show/1150,51.0,,
/items/show/27455,51.0,,
/items/show/9110,51.0,,
/items/show/1175,50.0,,
/items/show/32344,50.0,,
/items/show/865,50.0,,
/items/show/28146,49.0,,
/items/show/54182,49.0,,
/items/show/96093,49.0,,
/exhibits/show/column-07/p01,48.0,,
/exhibits/show/column-14/p01,48.0,,
/exhibits/show/column-19/p01,48.0,,
/items/show/1158,48.0,,
/items/show/35331,48.0,,
/items/show/45578,48.0,,
/items/show/61728,48.0,,
/exhibits/show/ex-04/ex-04-p01,47.0,,
/items/show/834,47.0,,
/items/show/846,47.0,,
/multi-collections/multi-collections/show/id/23,47.0,,
/items/show/1837,46.0,,
/items/show/28112,46.0,,
/exhibits/show/column-17/p01,45.0,,
/items/show/30206,45.0,,
/multi-collections/multi-collections/show/id/45,45.0,,
/exhibits/show/column-11/p01,44.0,,
/exhibits/show/column-13/p01,44.0,,
/items/show/1159,44.0,,
/items/show/29135,44.0,,
/items/show/29191,44.0,,
/items/show/6274,44.0,,
/items/show/7531,44.0,,
/items/show/75635,44.0,,
/items/show/8056,44.0,,
/items/show/88809,44.0,,
/multi-collections/multi-collections/show/id/32,44.0,,
/exhibits/show/essay-01/p01,43.0,,
/items/show/29223,43.0,,
/items/show/32436,43.0,,
/items/show/7911,43.0,,
/items/show/6996,42.0,,
/items/show/784,42.0,,
/items/show/82625,42.0,,
/items/show/840,42.0,,
/items/show/851,42.0,,
/items/show/9414,42.0,,
/items/show/12734,41.0,,
/items/show/25874,41.0,,
/items/show/29146,41.0,,
/items/show/53283,41.0,,
/items/show/54258,41.0,,
/items/show/63371,41.0,,
/items/show/636,41.0,,
/items/show/852,41.0,,
/multi-collections/multi-collections/show/id/52,41.0,,
/corrections/index/add/item_id/1140,40.0,,
/items/show/29695,40.0,,
/items/show/49913,40.0,,
/multi-collections/multi-collections/show/id/24,40.0,,
/items/show/29831,39.0,,
/items/show/39793,39.0,,
/items/show/49036,39.0,,
/items/show/61948,39.0,,
/multi-collections/multi-collections/show/id/54,39.0,,
/exhibits/general,38.0,,
/exhibits/show/blog-01/p01,38.0,,
/items/show/1025,38.0,,
/items/show/44336,38.0,,
/items/show/52311,38.0,,
/items/show/847,38.0,,
/exhibits/show/column-16/p01,37.0,,
/exhibits/show/column-21/p01,37.0,,
/items/show/43321,37.0,,
/items/show/52094,37.0,,
/items/show/90280,37.0,,
/exhibits/show/column-09/p01,36.0,,
/exhibits/show/column-18/p01,36.0,,
/exhibits/show/column-24/p01,36.0,,
/items/show/17240,36.0,,
/items/show/29934,36.0,,
/items/show/30211,36.0,,
/items/show/47908,36.0,,
/items/show/87762,36.0,,
/multi-collections/multi-collections/show/id/26,36.0,,
/multi-collections/multi-collections/show/id/51,36.0,,
/items/show/1142,35.0,,
/items/show/11766,35.0,,
/items/show/54556,35.0,,
/items/show/5656,35.0,,
/items/show/88958,35.0,,
/items/show/12786,34.0,,
/items/show/13454,34.0,,
/items/show/47310,34.0,,
/items/show/50146,34.0,,
/items/show/867,34.0,,
/items/show/8971,34.0,,
/items/tagsearch,34.0,,
/multi-collections/multi-collections/show/id/28,34.0,,
/exhibits/show/column-02/p01,33.0,,
/exhibits/show/column-05/p01,33.0,,
/exhibits/show/column-20/p01,33.0,,
/exhibits/show/ex-01/ex-01-p01,33.0,,
/items/show/52405,33.0,,
/items/show/65810,33.0,,
/items/show/6639,33.0,,
/multi-collections/multi-collections/show/id/46,33.0,,
/items/show/12642,32.0,,
/items/show/14173,32.0,,
/items/show/15623,32.0,,
/items/show/24061,32.0,,
/items/show/27451,32.0,,
/items/show/29273,32.0,,
/items/show/65677,32.0,,
/multi-collections/multi-collections/show/id/27,32.0,,
/exhibits/show/column-10/p01,31.0,,
/exhibits/show/column-12/p01,31.0,,
/items/show/29635,31.0,,
/items/show/65806,31.0,,
/items/show/65811,31.0,,
/items/show/71455,31.0,,
/items/show/92431,31.0,,
/items/show/29847,30.0,,
/items/show/30180,30.0,,
/items/show/39726,30.0,,
/items/show/59791,30.0,,
/items/show/60837,30.0,,
/items/show/62614,30.0,,
/items/show/64200,30.0,,
/items/show/65218,30.0,,
/items/show/855,30.0,,
/items/show/88227,30.0,,
/items/show/93571,30.0,,
/items/show/23657,29.0,,
/items/show/24327,29.0,,
/items/show/44500,29.0,,
/items/show/61357,29.0,,
/items/show/6232,29.0,,
/items/show/62788,29.0,,
/items/show/69051,29.0,,
/items/show/79165,29.0,,
/items/show/92217,29.0,,
/multi-collections/multi-collections/show/id/30,29.0,,
/exhibits/show/column-23/p01,28.0,,
/items/show/12310,28.0,,
/items/show/26589,28.0,,
/items/show/29569,28.0,,
/items/show/29710,28.0,,
/items/show/52812,28.0,,
/items/show/60735,28.0,,
/items/show/62051,28.0,,
/items/show/79208,28.0,,
/items/show/819,28.0,,
/items/show/86063,28.0,,
/items/show/10329,27.0,,
/items/show/26321,27.0,,
/items/show/29750,27.0,,
/items/show/30080,27.0,,
/items/show/50301,27.0,,
/items/show/65969,27.0,,
/items/show/94291,27.0,,
/items/show/1123,26.0,,
/items/show/1167,26.0,,
/items/show/28671,26.0,,
/items/show/29134,26.0,,
/items/show/29198,26.0,,
/items/show/29261,26.0,,
/items/show/29458,26.0,,
/items/show/29959,26.0,,
/items/show/5318,26.0,,
/items/show/5648,26.0,,
/items/show/849,26.0,,
/items/show/8561,26.0,,
/multi-collections/multi-collections/show/id/38,26.0,,
/exhibits/show/idea/2023-c01-1,25.0,,
/items/show/1132,25.0,,
/items/show/24119,25.0,,
/items/show/25699,25.0,,
/items/show/30933,25.0,,
/items/show/32339,25.0,,
/items/show/32342,25.0,,
/items/show/54976,25.0,,
/items/show/5933,25.0,,
/items/show/5954,25.0,,
/items/show/6219,25.0,,
/items/show/63049,25.0,,
/items/show/76930,25.0,,
/items/show/82929,25.0,,
/items/show/8953,25.0,,
/items/show/916,25.0,,
/items/show/94682,25.0,,
/items/show/961,25.0,,
/exhibits/show/ex-06/ex06-2,24.0,,
/items/show/10475,24.0,,
/items/show/11042,24.0,,
/items/show/1209,24.0,,
/items/show/14073,24.0,,
/items/show/50944,24.0,,
/items/show/55310,24.0,,
/items/show/5608,24.0,,
/items/show/5676,24.0,,
/items/show/809,24.0,,
/items/show/94218,24.0,,
/items/show/1085,23.0,,
/items/show/1166,23.0,,
/items/show/20269,23.0,,
/items/show/25830,23.0,,
/items/show/27391,23.0,,
/items/show/27454,23.0,,
/items/show/29422,23.0,,
/items/show/33317,23.0,,
/items/show/34453,23.0,,
/items/show/36394,23.0,,
/items/show/42406,23.0,,
/items/show/73215,23.0,,
/items/show/7428,23.0,,
/items/show/7574,23.0,,
/items/show/76540,23.0,,
/items/show/836,23.0,,
/items/show/83608,23.0,,
/items/show/91513,23.0,,
/items/show/96689,23.0,,
/items/show/979,23.0,,
/multi-collections/multi-collections/show/id/25,23.0,,
/items/show/10480,22.0,,
/items/show/11327,22.0,,
/items/show/1161,22.0,,
/items/show/12297,22.0,,
/items/show/29468,22.0,,
/items/show/31282,22.0,,
/items/show/33376,22.0,,
/items/show/50110,22.0,,
/items/show/52169,22.0,,
/items/show/52530,22.0,,
/items/show/5607,22.0,,
/items/show/740,22.0,,
/items/show/778,22.0,,
/multi-collections/multi-collections/show/id/36,22.0,,
/items/show/11146,21.0,,
/items/show/1165,21.0,,
/items/show/13477,21.0,,
/items/show/15131,21.0,,
/items/show/16108,21.0,,
/items/show/22413,21.0,,
/items/show/24961,21.0,,
/items/show/26715,21.0,,
/items/show/29239,21.0,,
/items/show/29360,21.0,,
/items/show/48541,21.0,,
/items/show/52827,21.0,,
/items/show/5765,21.0,,
/items/show/57800,21.0,,
/items/show/62520,21.0,,
/items/show/81735,21.0,,
/items/show/844,21.0,,
/items/show/8952,21.0,,
/items/show/94730,21.0,,
/items/show/96353,21.0,,
/items/show/96700,21.0,,
/guest-user/user/update-account,20.0,,
/items/show/114622,20.0,,
/items/show/1157,20.0,,
/items/show/1178,20.0,,
/items/show/30519,20.0,,
/items/show/38553,20.0,,
/items/show/5653,20.0,,
/items/show/5719,20.0,,
/items/show/6753,20.0,,
/items/show/75464,20.0,,
/items/show/780,20.0,,
/items/show/85861,20.0,,
/items/show/96087,20.0,,
/items/show/970,20.0,,
/operate/users/login,20.0,,
/items/clceconpcn,19.0,,
/items/show/14159,19.0,,
/items/show/24102,19.0,,
/items/show/26590,19.0,,
/items/show/35229,19.0,,
/items/show/51561,19.0,,
/items/show/53202,19.0,,
/items/show/62706,19.0,,
/items/show/65764,19.0,,
/items/show/65965,19.0,,
/items/show/66411,19.0,,
/items/show/66760,19.0,,
/items/show/78169,19.0,,
/items/show/810,19.0,,
/items/show/82795,19.0,,
/items/show/828,19.0,,
/items/show/83863,19.0,,
/items/show/873,19.0,,
/items/show/90319,19.0,,
/items/show/911,19.0,,
/items/show/93099,19.0,,
/items/show/93647,19.0,,
/items/show/94204,19.0,,
/items/show/94219,19.0,,
/multi-collections/multi-collections/show/id/48,19.0,,
/items/show/15598,18.0,,
/items/show/17052,18.0,,
/items/show/29330,18.0,,
/items/show/37192,18.0,,
/items/show/43251,18.0,,
/items/show/61364,18.0,,
/items/show/663,18.0,,
/items/show/6990,18.0,,
/items/show/8598,18.0,,
/items/show/860,18.0,,
/multi-collections/multi-collections/show/id/33,18.0,,
/multi-collections/multi-collections/show/id/40,18.0,,
/items/show/12203,17.0,,
/items/show/15602,17.0,,
/items/show/22301,17.0,,
/items/show/26316,17.0,,
/items/show/27746,17.0,,
/items/show/29482,17.0,,
/items/show/30010,17.0,,
/items/show/36076,17.0,,
/items/show/36298,17.0,,
/items/show/43967,17.0,,
/items/show/53726,17.0,,
/items/show/53774,17.0,,
/items/show/54680,17.0,,
/items/show/5859,17.0,,
/items/show/5931,17.0,,
/items/show/6243,17.0,,
/items/show/66000,17.0,,
/items/show/86062,17.0,,
/items/show/86344,17.0,,
/items/show/86630,17.0,,
/items/show/10345,16.0,,
/items/show/10378,16.0,,
/items/show/10445,16.0,,
/items/show/1155,16.0,,
/items/show/16140,16.0,,
/items/show/18991,16.0,,
/items/show/19087,16.0,,
/items/show/2343,16.0,,
/items/show/28636,16.0,,
/items/show/28714,16.0,,
/items/show/29087,16.0,,
/items/show/29162,16.0,,
/items/show/29185,16.0,,
/items/show/29663,16.0,,
/items/show/38176,16.0,,
/items/show/39918,16.0,,
/items/show/50587,16.0,,
/items/show/58416,16.0,,
/items/show/6211,16.0,,
/items/show/6631,16.0,,
/items/show/76951,16.0,,
/items/show/78168,16.0,,
/items/show/84534,16.0,,
/items/show/93753,16.0,,
/exhibits/show/leesijae/01,15.0,,
/items/show/10399,15.0,,
/items/show/10474,15.0,,
/items/show/10517,15.0,,
/items/show/1055,15.0,,
/items/show/10811,15.0,,
/items/show/1136,15.0,,
/items/show/1818,15.0,,
/items/show/22649,15.0,,
/items/show/23906,15.0,,
/items/show/28791,15.0,,
/items/show/28998,15.0,,
/items/show/29651,15.0,,
/items/show/29654,15.0,,
/items/show/30385,15.0,,
/items/show/34501,15.0,,
/items/show/46513,15.0,,
/items/show/50111,15.0,,
/items/show/51495,15.0,,
/items/show/52371,15.0,,
/items/show/53561,15.0,,
/items/show/5820,15.0,,
/items/show/61238,15.0,,
/items/show/6203,15.0,,
/items/show/6230,15.0,,
/items/show/65195,15.0,,
/items/show/65404,15.0,,
/items/show/66490,15.0,,
/items/show/7061,15.0,,
/items/show/738,15.0,,
/items/show/791,15.0,,
/items/show/84016,15.0,,
/items/show/85819,15.0,,
/items/show/90584,15.0,,
/items/show/92136,15.0,,
/items/show/9384,15.0,,
/items/show/96476,15.0,,
/items/show/96687,15.0,,
/items/show/973,15.0,,
/multi-collections/multi-collections/show/id/42,15.0,,
/multi-collections/multi-collections/show/id/43,15.0,,
/simple-pages/page/introduce,15.0,,
/items/show/10446,14.0,,
/items/show/10593,14.0,,
/items/show/12091,14.0,,
/items/show/23549,14.0,,
/items/show/29088,14.0,,
/items/show/29181,14.0,,
/items/show/29499,14.0,,
/items/show/29650,14.0,,
/items/show/30604,14.0,,
/items/show/40090,14.0,,
/items/show/50309,14.0,,
/items/show/50543,14.0,,
/items/show/50912,14.0,,
/items/show/51070,14.0,,
/items/show/51295,14.0,,
/items/show/52330,14.0,,
/items/show/56040,14.0,,
/items/show/57268,14.0,,
/items/show/65986,14.0,,
/items/show/696,14.0,,
/items/show/6993,14.0,,
/items/show/701,14.0,,
/items/show/7517,14.0,,
/items/show/75231,14.0,,
/items/show/82884,14.0,,
/items/show/96580,14.0,,
/multi-collections/multi-collections/show/id/29,14.0,,
/operate,14.0,,
/items/clclimateaction,13.0,,
/items/show/10043,13.0,,
/items/show/1097,13.0,,
/items/show/1171,13.0,,
/items/show/1172,13.0,,
/items/show/16535,13.0,,
/items/show/27341,13.0,,
/items/show/29600,13.0,,
/items/show/32569,13.0,,
/items/show/36871,13.0,,
/items/show/37511,13.0,,
/items/show/39457,13.0,,
/items/show/40085,13.0,,
/items/show/40506,13.0,,
/items/show/41794,13.0,,
/items/show/43366,13.0,,
/items/show/50107,13.0,,
/items/show/52276,13.0,,
/items/show/5268,13.0,,
/items/show/5294,13.0,,
/items/show/53031,13.0,,
/items/show/6204,13.0,,
/items/show/62882,13.0,,
/items/show/63445,13.0,,
/items/show/65387,13.0,,
/items/show/65579,13.0,,
/items/show/6585,13.0,,
/items/show/7401,13.0,,
/items/show/75210,13.0,,
/items/show/79314,13.0,,
/items/show/82923,13.0,,
/items/show/86593,13.0,,
/items/show/86826,13.0,,
/items/show/913,13.0,,
/items/show/920,13.0,,
/items/show/96418,13.0,,
/multi-collections/multi-collections/show/id/47,13.0,,
/multi-collections/multi-collections/show/id/49,13.0,,
/exhibits/show/2023-c02/2023-c02-2,12.0,,
/items/clcall,12.0,,
/items/ifmgroup,12.0,,
/items/show/10489,12.0,,
/items/show/10624,12.0,,
/items/show/1139,12.0,,
/items/show/12640,12.0,,
/items/show/13452,12.0,,
/items/show/1543,12.0,,
/items/show/20266,12.0,,
/items/show/23481,12.0,,
/items/show/24740,12.0,,
/items/show/25829,12.0,,
/items/show/26810,12.0,,
/items/show/27484,12.0,,
/items/show/27492,12.0,,
/items/show/27654,12.0,,
/items/show/28632,12.0,,
/items/show/29012,12.0,,
/items/show/29464,12.0,,
/items/show/29821,12.0,,
/items/show/31042,12.0,,
/items/show/33611,12.0,,
/items/show/34135,12.0,,
/items/show/34136,12.0,,
/items/show/36127,12.0,,
/items/show/43092,12.0,,
/items/show/50258,12.0,,
/items/show/50615,12.0,,
/items/show/50807,12.0,,
/items/show/53286,12.0,,
/items/show/53639,12.0,,
/items/show/54040,12.0,,
/items/show/55802,12.0,,
/items/show/6126,12.0,,
/items/show/61811,12.0,,
/items/show/6246,12.0,,
/items/show/6280,12.0,,
/items/show/651,12.0,,
/items/show/65815,12.0,,
/items/show/65860,12.0,,
/items/show/65973,12.0,,
/items/show/7002,12.0,,
/items/show/7042,12.0,,
/items/show/74058,12.0,,
/items/show/74087,12.0,,
/items/show/753,12.0,,
/items/show/767,12.0,,
/items/show/82147,12.0,,
/items/show/82331,12.0,,
/items/show/82875,12.0,,
/items/show/84267,12.0,,
/items/show/84514,12.0,,
/items/show/8618,12.0,,
/items/show/86682,12.0,,
/items/show/8934,12.0,,
/items/show/9102,12.0,,
/items/show/937,12.0,,
/multi-collections/multi-collections/show/id/50,12.0,,
/contribution/guide,11.0,,
/exhibits/show/blog-02/p01,11.0,,
/exhibits/show/essay-04/item/32668,11.0,,
/items/show/10368,11.0,,
/items/show/10950,11.0,,
/items/show/11255,11.0,,
/items/show/114599,11.0,,
/items/show/11821,11.0,,
/items/show/13025,11.0,,
/items/show/13844,11.0,,
/items/show/16897,11.0,,
/items/show/16918,11.0,,
/items/show/22223,11.0,,
/items/show/23346,11.0,,
/items/show/25860,11.0,,
/items/show/26510,11.0,,
/items/show/26805,11.0,,
/items/show/28786,11.0,,
/items/show/28792,11.0,,
/items/show/28877,11.0,,
/items/show/29472,11.0,,
/items/show/29855,11.0,,
/items/show/29924,11.0,,
/items/show/30003,11.0,,
/items/show/36044,11.0,,
/items/show/36730,11.0,,
/items/show/37374,11.0,,
/items/show/40130,11.0,,
/items/show/45270,11.0,,
/items/show/48648,11.0,,
/items/show/49746,11.0,,
/items/show/50106,11.0,,
/items/show/50253,11.0,,
/items/show/51028,11.0,,
/items/show/51692,11.0,,
/items/show/53691,11.0,,
/items/show/5782,11.0,,
/items/show/5960,11.0,,
/items/show/59822,11.0,,
/items/show/61856,11.0,,
/items/show/6208,11.0,,
/items/show/63215,11.0,,
/items/show/66391,11.0,,
/items/show/76441,11.0,,
/items/show/77215,11.0,,
/items/show/79041,11.0,,
/items/show/82073,11.0,,
/items/show/82356,11.0,,
/items/show/82721,11.0,,
/items/show/8474,11.0,,
/items/show/85526,11.0,,
/items/show/89075,11.0,,
/items/show/9011,11.0,,
/items/show/93586,11.0,,
/items/show/9458,11.0,,
/items/show/96049,11.0,,
/items/show/96063,11.0,,
/items/show/96090,11.0,,
/items/show/96465,11.0,,
/items/show/9964,11.0,,
/exhibits/show/idea/2023-c01-4,10.0,,
/items/show/10453,10.0,,
/items/show/1071,10.0,,
/items/show/11138,10.0,,
/items/show/1120,10.0,,
/items/show/11229,10.0,,
/items/show/11348,10.0,,
/items/show/1164,10.0,,
/items/show/1179,10.0,,
/items/show/11942,10.0,,
/items/show/14104,10.0,,
/items/show/14878,10.0,,
/items/show/14904,10.0,,
/items/show/16110,10.0,,
/items/show/16113,10.0,,
/items/show/16631,10.0,,
/items/show/16652,10.0,,
/items/show/20699,10.0,,
/items/show/20756,10.0,,
/items/show/2102,10.0,,
/items/show/23962,10.0,,
/items/show/25899,10.0,,
/items/show/27471,10.0,,
/items/show/27491,10.0,,
/items/show/28117,10.0,,
/items/show/28644,10.0,,
/items/show/29837,10.0,,
/items/show/29887,10.0,,
/items/show/30199,10.0,,
/items/show/30247,10.0,,
/items/show/33301,10.0,,
/items/show/33498,10.0,,
/items/show/33923,10.0,,
/items/show/34096,10.0,,
/items/show/35668,10.0,,
/items/show/36861,10.0,,
/items/show/36865,10.0,,
/items/show/41838,10.0,,
/items/show/43275,10.0,,
/items/show/43766,10.0,,
/items/show/44507,10.0,,
/items/show/46416,10.0,,
/items/show/51173,10.0,,
/items/show/52025,10.0,,
/items/show/5323,10.0,,
/items/show/53557,10.0,,
/items/show/53687,10.0,,
/items/show/53966,10.0,,
/items/show/54026,10.0,,
/items/show/5469,10.0,,
/items/show/5550,10.0,,
/items/show/56249,10.0,,
/items/show/58466,10.0,,
/items/show/5940,10.0,,
/items/show/60674,10.0,,
/items/show/639,10.0,,
/items/show/65768,10.0,,
/items/show/65847,10.0,,
/items/show/65967,10.0,,
/items/show/65985,10.0,,
/items/show/66340,10.0,,
/items/show/66625,10.0,,
/items/show/69990,10.0,,
/items/show/70068,10.0,,
/items/show/743,10.0,,
/items/show/7480,10.0,,
/items/show/75241,10.0,,
/items/show/75260,10.0,,
/items/show/75273,10.0,,
/items/show/7849,10.0,,
/items/show/8020,10.0,,
/items/show/82183,10.0,,
/items/show/83566,10.0,,
/items/show/85096,10.0,,
/items/show/86678,10.0,,
/items/show/87419,10.0,,
/items/show/880,10.0,,
/items/show/901,10.0,,
/items/show/90948,10.0,,
/items/show/94205,10.0,,
/items/show/94458,10.0,,
/items/show/94829,10.0,,
/items/show/96480,10.0,,
/items/show/96699,10.0,,
/exhibits/show/ex-03/ex-03-p01,9.0,,
/exhibits/show/ex-04/ex-02-p02,9.0,,
/exhibits/show/idea/2023-c01-2,9.0,,
/items/ifmincident,9.0,,
/items/show/10169,9.0,,
/items/show/10278,9.0,,
/items/show/11494,9.0,,
/items/show/1151,9.0,,
/items/show/1162,9.0,,
/items/show/1170,9.0,,
/items/show/1173,9.0,,
/items/show/12257,9.0,,
/items/show/12280,9.0,,
/items/show/13485,9.0,,
/items/show/14090,9.0,,
/items/show/15818,9.0,,
/items/show/16169,9.0,,
/items/show/21277,9.0,,
/items/show/22600,9.0,,
/items/show/22856,9.0,,
/items/show/23093,9.0,,
/items/show/23650,9.0,,
/items/show/24099,9.0,,
/items/show/24329,9.0,,
/items/show/24808,9.0,,
/items/show/25840,9.0,,
/items/show/26411,9.0,,
/items/show/26415,9.0,,
/items/show/27502,9.0,,
/items/show/27538,9.0,,
/items/show/27700,9.0,,
/items/show/28144,9.0,,
/items/show/28787,9.0,,
/items/show/29144,9.0,,
/items/show/29313,9.0,,
/items/show/29634,9.0,,
/items/show/30006,9.0,,
/items/show/30023,9.0,,
/items/show/30168,9.0,,
/items/show/37523,9.0,,
/items/show/37560,9.0,,
/items/show/38080,9.0,,
/items/show/38816,9.0,,
/items/show/400,9.0,,
/items/show/48564,9.0,,
/items/show/49188,9.0,,
/items/show/49798,9.0,,
/items/show/50035,9.0,,
/items/show/50123,9.0,,
/items/show/50898,9.0,,
/items/show/51064,9.0,,
/items/show/51162,9.0,,
/items/show/51472,9.0,,
/items/show/51663,9.0,,
/items/show/52233,9.0,,
/items/show/53282,9.0,,
/items/show/53541,9.0,,
/items/show/54261,9.0,,
/items/show/5750,9.0,,
/items/show/6000,9.0,,
/items/show/60306,9.0,,
/items/show/60504,9.0,,
/items/show/61578,9.0,,
/items/show/6200,9.0,,
/items/show/63624,9.0,,
/items/show/645,9.0,,
/items/show/65222,9.0,,
/items/show/65814,9.0,,
/items/show/65834,9.0,,
/items/show/65963,9.0,,
/items/show/66488,9.0,,
/items/show/6695,9.0,,
/items/show/67184,9.0,,
/items/show/6734,9.0,,
/items/show/68266,9.0,,
/items/show/73938,9.0,,
/items/show/76586,9.0,,
/items/show/78944,9.0,,
/items/show/79023,9.0,,
/items/show/80302,9.0,,
/items/show/807,9.0,,
/items/show/81768,9.0,,
/items/show/82249,9.0,,
/items/show/82920,9.0,,
/items/show/84015,9.0,,
/items/show/84034,9.0,,
/items/show/84210,9.0,,
/items/show/84398,9.0,,
/items/show/84533,9.0,,
/items/show/85107,9.0,,
/items/show/85166,9.0,,
/items/show/859,9.0,,
/items/show/85929,9.0,,
/items/show/86223,9.0,,
/items/show/88617,9.0,,
/items/show/89428,9.0,,
/items/show/89858,9.0,,
/items/show/9014,9.0,,
/items/show/90933,9.0,,
/items/show/92351,9.0,,
/items/show/92357,9.0,,
/items/show/92546,9.0,,
/items/show/92808,9.0,,
/items/show/94312,9.0,,
/items/show/95348,9.0,,
/items/show/95887,9.0,,
/items/show/96711,9.0,,
/items/show/96712,9.0,,
/items/show/97615,9.0,,
/multi-collections/multi-collections/show/id/39,9.0,,
/exhibits/show/2023-c02/2023-c02-3,8.0,,
/exhibits/show/essay-04/item/12288,8.0,,
/exhibits/show/ex-02/item/16614,8.0,,
/exhibits/show/test1/2023-c01-1,8.0,,
/items/show/10200,8.0,,
/items/show/10404,8.0,,
/items/show/10537,8.0,,
/items/show/10638,8.0,,
/items/show/1074,8.0,,
/items/show/10843,8.0,,
/items/show/1087,8.0,,
/items/show/10889,8.0,,
/items/show/10949,8.0,,
/items/show/11011,8.0,,
/items/show/11026,8.0,,
/items/show/11069,8.0,,
/items/show/114621,8.0,,
/items/show/1163,8.0,,
/items/show/11635,8.0,,
/items/show/11867,8.0,,
/items/show/12284,8.0,,
/items/show/12588,8.0,,
/items/show/12783,8.0,,
/items/show/13111,8.0,,
/items/show/14914,8.0,,
/items/show/15666,8.0,,
/items/show/15846,8.0,,
/items/show/1604,8.0,,
/items/show/1653,8.0,,
/items/show/19102,8.0,,
/items/show/19285,8.0,,
/items/show/22259,8.0,,
/items/show/23003,8.0,,
/items/show/23005,8.0,,
/items/show/23712,8.0,,
/items/show/24322,8.0,,
/items/show/24499,8.0,,
/items/show/24891,8.0,,
/items/show/25879,8.0,,
/items/show/26212,8.0,,
/items/show/26604,8.0,,
/items/show/26618,8.0,,
/items/show/26672,8.0,,
/items/show/26743,8.0,,
/items/show/26964,8.0,,
/items/show/27206,8.0,,
/items/show/27488,8.0,,
/items/show/27543,8.0,,
/items/show/27664,8.0,,
/items/show/28031,8.0,,
/items/show/28370,8.0,,
/items/show/28382,8.0,,
/items/show/28765,8.0,,
/items/show/28946,8.0,,
/items/show/28999,8.0,,
/items/show/29535,8.0,,
/items/show/29682,8.0,,
/items/show/29699,8.0,,
/items/show/29920,8.0,,
/items/show/30069,8.0,,
/items/show/30142,8.0,,
/items/show/30204,8.0,,
/items/show/31086,8.0,,
/items/show/31328,8.0,,
/items/show/32312,8.0,,
/items/show/32668,8.0,,
/items/show/3353,8.0,,
/items/show/34069,8.0,,
/items/show/34966,8.0,,
/items/show/35671,8.0,,
/items/show/35683,8.0,,
/items/show/35908,8.0,,
/items/show/36129,8.0,,
/items/show/36163,8.0,,
/items/show/36802,8.0,,
/items/show/38857,8.0,,
/items/show/41084,8.0,,
