# 시작일: 20250601,
# 종료일: 20260531,
자연 Google 검색어,자연 Google 검색 클릭수
수질오염 사례,3308.0
환경오염 사례,1161.0
수질 오염 사례,564.0
후쿠시마 원전 사고,376.0
낙동강 수질오염 사례,259.0
가습기 살균제 사건,229.0
수질오염사례,209.0
환경 오염 사례,185.0
국내 수질오염 사례,112.0
낙동강 페놀 오염 사건,101.0
온산병,98.0
구미 불산사고 보고서,96.0
낙동강 수질오염,90.0
금융거래정보 제공사실 통보서,87.0
수질오염의 사례,87.0
수질오염 피해사례,85.0
모의해킹 보고서,81.0
환경아카이브 풀숲,77.0
과업수행계획서,73.0
가습기 살균제,69.0
후쿠시마 원전사고,68.0
사월혁명회,65.0
이사회 시나리오,65.0
수질오염 사건,63.0
한국 수질오염 사례,62.0
대표적인 수질오염 사례,57.0
환경오염사례,56.0
94년 낙동강 수질오염 사건,54.0
과업수행계획서 양식,50.0
우리나라 환경오염 사례,50.0
환경분쟁 피해배상액 산정기준,47.0
후쿠시마 원전 사고 정리,47.0
지역 사회에서 나타난 환경 오염 사례,45.0
토론 대본,45.0
풀숲,45.0
4대강 사업,44.0
우리나라 수질오염 사례,43.0
psds,38.0
범우화학공업 msds,38.0
환경보건시민센터,38.0
매향리 사격장,36.0
수질오염 환경오염 사례,36.0
후쿠시마 원전,36.0
수질오염 사례 기사,35.0
도시 생태계,34.0
지역사회에서 나타난 환경 오염 사례,33.0
낙동강 수질오염 원인,31.0
이사회 진행 시나리오,30.0
4대강,29.0
수질오염 생태계 파괴 사례,29.0
여우 서식지,28.0
중랑천 지도,28.0
환경파괴 사례,27.0
소년이 온다 pdf,26.0
일본 후쿠시마 원전 사고,26.0
수질오염 피해 사례,25.0
가습기살균제 사건,24.0
원자력 발전소 사고,24.0
1994년 1월 낙동강 악취사건,23.0
가습기 살균제 사건 정리,23.0
국내 환경오염 사례 기사,23.0
가습기살균제,22.0
공원 dwg,22.0
구포역 사고 사진,22.0
대표적인 환경오염 사례,22.0
양심수후원회,21.0
온산병 사건,21.0
우리나라 환경 문제 사례,21.0
폐기물 질의회신 사례집,21.0
한국작가회의,21.0
환경문제 사례,21.0
가습기 살균제 참사,20.0
매향리,20.0
맹꽁아카이브,20.0
아카이브,20.0
우리나라 환경문제 사례,20.0
후쿠시마 원자력 발전소 사고,20.0
후쿠시마 원전 사고 원인,20.0
도시생태계,19.0
과업수행계획서 hwp,18.0
국내 환경오염 사례,18.0
숲체험 프로그램 계획서,18.0
에너지정의행동,18.0
온산병 사태,18.0
외국인이주노동운동협의회,18.0
낙동강 수질 오염,17.0
카이스트 마고,17.0
한국 수질 오염 사례,17.0
과업수행계획서 예시,16.0
국정감사 순서,16.0
낙동강 오염,16.0
대한민국 환경오염 사례,16.0
반달곰 복원사업,16.0
사회진보연대,16.0
한국 환경오염 사례,16.0
19사진 모음,15.0
남이섬 지도,15.0
빈곤사회연대,15.0
송전선로 지도,15.0
수질오염 실제 사례,15.0
수질오염사레,15.0
시화호 오염,15.0
수질 오염의 사례,14.0
옥시싹싹,14.0
취수원,14.0
환경 파괴 사례,14.0
환경분쟁사건 배상액 산정기준,14.0
환경오염 사례 수질오염,14.0
환경오염 피해 사례,14.0
환경오염 피해사례,14.0
kosha code,13.0
가습기 살균제 사건 요약,13.0
강화도 갯벌 조사,13.0
수질 오염 환경 오염 사례,13.0
후쿠시마 원전 폭발,13.0
1994년 낙동강 수질오염,12.0
4대강사업,12.0
구도완,12.0
낙동강 수질 오염 사례,12.0
낙동강 수질오염 사건,12.0
낙동강 수질오염 생태계에 미치는 영향,12.0
낙동강 페놀 유출 사건,12.0
노동전선,12.0
수질 오염 사레,12.0
수질오염 기사,12.0
수질오염 환경 오염 사례,12.0
수질오염사건,12.0
원전 사고,12.0
일본 원자력 발전소 폭발,12.0
지역 환경오염 사례,12.0
지역사회에 나타난 환경오염 사례,12.0
환경 문제 사례,12.0
구미 불산사고,11.0
대한민국 수질오염 사례,11.0
별무늬꼬마거미,11.0
수질 오염 사건,11.0
수질 오염사례,11.0
수질오염 사레,11.0
일본 원전사고,11.0
지역사회에서 나타난 환경오염 사례,11.0
환경오염의 사례,11.0
가습기 사건,10.0
도봉구 문제점,10.0
불안정노동철폐연대,10.0
시민발전이종협동조합연합회,10.0
일본 원자력 사고,10.0
카카오뱅크 에코실험실,10.0
환경오염 지역 사례,10.0
후쿠시마 제1 원자력 발전소 사고,10.0
구미불산사고,9.0
밀양 송전탑 사건,9.0
시민환경연구소,9.0
시화호 오염 사건,9.0
영통지구,9.0
전국보건의료산업노동조합,9.0
제4차 국토종합계획,9.0
19사진모음,8.0
5678서울도시철도,8.0
경매 수신호,8.0
복대리위임장,8.0
비용편익분석 예시,8.0
생태교육 프로그램 계획안,8.0
수질오염 낙동강,8.0
수질오염공정시험기준,8.0
원자력 사고,8.0
지리산 반달곰 복원사업,8.0
태안 기름유출사고,8.0
한국정신대문제대책협의회,8.0
현안사항,8.0
환경오염 사건,8.0
19모음,7.0
가습기 살균제 사망사건,7.0
감정신청에 대한 의견서,7.0
결과보고서,7.0
금융거래정보제공사실통보서,7.0
기독교환경운동연대,7.0
낙동강 오염 사례,7.0
낙동강 페놀 유출,7.0
맹꽁 아카이브,7.0
불꽃페미액션,7.0
생태통로 설치 및 관리지침,7.0
서천 갯벌 지도,7.0
설악산 케이블카 반대,7.0
수질오염 사고,7.0
수질오염 사례 한국,7.0
시노하라 피폭,7.0
전국불안정노동철폐연대,7.0
조양강,7.0
지리산 케이블카 설치,7.0
지역 사회 에서 환경오염 사례,7.0
지역 사회 환경오염 사례,7.0
지역 사회에 나타난 환경오염 사례,7.0
취재요청서,7.0
탄소중립 ox 퀴즈,7.0
탐방로,7.0
페미당당,7.0
환경아카이브풀숲,7.0
후쿠시마 사고,7.0
unced,6.0
가습기 살균제 사건 원인,6.0
건강사회를위한약사회,6.0
그린네트워크,6.0
금융거래정보 제공 사실 통보서,6.0
금융거래정보 제공사실,6.0
금융거래정보 제공사실 통보서 수사목적,6.0
기독교 공동체,6.0
낙동강 수질,6.0
낙동강 수질오염 사례 원인,6.0
낙동강 수질오염 생물에 미치는 영향,6.0
낙동강 페놀 오염 사건 생태계,6.0
녹색서울시민위원회,6.0
모의해킹 보고서 양식,6.0
민주화실천가족운동협의회,6.0
부정의 사례,6.0
비폭력평화물결,6.0
새만금 간척사업,6.0
소년이 온다 txt 다운,6.0
소신공양 영상,6.0
수원천,6.0
수질 오염 사례 기사,6.0
수질오염 예시,6.0
수질오염의 환경오염 사례,6.0
쓰레기 대란,6.0
원전사고,6.0
원진레이온,6.0
인터뷰 보고서,6.0
인터뷰 보고서 예시,6.0
제주해군기지,6.0
추모연대,6.0
폐기물관리법 질의회신,6.0
폐플라스틱 업사이클링,6.0
한국인의 노출계수 핸드북,6.0
환경 ox 퀴즈,6.0
환경분쟁조정위원회 사례집,6.0
환경오염 사레,6.0
후쿠시마 원자력 발전소,6.0
후쿠시마 원전사고 원인,6.0
후쿠시마원전사고,6.0
1991년 낙동강 페놀 오염 사건,5.0
94년 낙동강 수질오염 사건 원인,5.0
가나 아그보그블로시,5.0
가습기 사고,5.0
강화도 갯벌 조사 결과,5.0
결과 보고서,5.0
결과보고,5.0
결과보고서 예시,5.0
공문 회신 예시,5.0
국내 대기오염 사례,5.0
금융거래 정보 등의 제공사실 통보서,5.0
낙동강 페놀유출사건,5.0
낙선운동,5.0
노동건강연대,5.0
느림뱅이,5.0
미창석유공업 msds,5.0
반달가슴곰 복원사업,5.0
부산 환경오염 사례,5.0
소갑,5.0
수질 오염 생태계가 파괴된 사례,5.0
수질 오염 피해 사례,5.0
수질오염사고 사례,5.0
숲 아카이브,5.0
야한 사진 모음,5.0
운영위원회 회의자료,5.0
원자력 발전소 사고 사례,5.0
원자력 폭발,5.0
원진 레이온,5.0
일본 원전 사고,5.0
장이정수,5.0
제1차 자원순환기본계획,5.0
조경계획도,5.0
지역 사회에서 나타난 환경오염 사례,5.0
코카콜라 그린워싱,5.0
탄소중립 퀴즈,5.0
플라스틱 업사이클링,5.0
한국 식물도감,5.0
환경 오염 사레,5.0
환경오염 기사,5.0
환경오염 현황,5.0
환경일기,5.0
19 모아,4.0
4.9통일평화재단,4.0
bpa bps,4.0
dmz 생태문화지도,4.0
project design matrix,4.0
강정 해군기지,4.0
건강사회를 위한 약사회,4.0
공문 회신,4.0
구미 불산 누출사고,4.0
구미 불산 사고,4.0
국정감사 질의순서,4.0
금융거래 제공사실 통보서,4.0
금융거래정보 제공 사실 통보서 문서번호,4.0
금융거래정보 제공사실 안내,4.0
금융거래제공사실통보서,4.0
낙동강 수질 오염 사건,4.0
낙동강 수질 오염 생태계 에 미치는 영향,4.0
낙동강 페놀,4.0
노동인권회관,4.0
모두의 칼럼,4.0
북한산 산불,4.0
서천 갯벌 위치 지도,4.0
서천갯벌 지도,4.0
소년이온다 pdf,4.0
수생태계 건강성 평가,4.0
수원영통지구,4.0
수질 오염 생태계 파괴 사례,4.0
수질오염 발생한 시기,4.0
수질오염으로 생태계가 파괴된 사례,4.0
수질오염으로 인한 생태계 파괴 사례,4.0
수질오염이 생태계에 미치는 사례,4.0
순환경제기본계획,4.0
숲과나눔,4.0
시화호 환경오염,4.0
식물도감 pdf,4.0
씨프린스호 사고,4.0
양심수,4.0
연호사,4.0
연호사 사진,4.0
옥시 가습기 살균제,4.0
옥시 가습기 살균제 사건,4.0
우리나라 수질 오염 사례,4.0
원자력 폭발 사고,4.0
일본원전사고,4.0
임계사고,4.0
작업환경측정 결과보고서,4.0
작업환경측정 수수료,4.0
지구의 벗,4.0
지리산 반달곰 복원사업 대통령,4.0
지역 사회에서 나타난 환경 오염 사례와 환경 오염이 생물에게 미친 영향,4.0
천주교인권위원회,4.0
초본식물,4.0
최현명,4.0
크리스찬 아카데미,4.0
탈핵신문,4.0
태안기름유출사고,4.0
평창터널,4.0
하천 단면도,4.0
하천 생태계,4.0
한국 가습기 살균제 사건,4.0
한국식물도감,4.0
환경 사건,4.0
환경오염 사례 지역,4.0
환경오염 실제 사례,4.0
후원의밤,4.0
후쿠시마 원자력,4.0
후쿠시마 원자력 발전소 사고 원인,4.0
후쿠시마 원자폭탄,4.0
후쿠시마원전,4.0
4대강 댐,3.0
4대강 정비 사업,3.0
bpa bps bpf,3.0
ox문제,3.0
가습기 살균제 피해자,3.0
가습기 살균제 피해자 수,3.0
가습기살균제 참사,3.0
가톨릭농민회,3.0
공원 도면,3.0
광업소,3.0
국가별 수질지수,3.0
국립공원 입장료,3.0
국립공원 케이블카 설치 반대 근거,3.0
금융정보제공사실 통보서,3.0
기후변화 시대의 사랑,3.0
나이키 아동노동,3.0
낙동강 페놀 오염,3.0
낙동강 페놀 오염 사건 요약,3.0
낙동강 페놀 오염사건,3.0
낙동강 페놀 유출사건,3.0
낙동강 환경오염 사례,3.0
남이섬 지도 pdf,3.0
동강댐,3.0
맹꽁 아카이브 주소,3.0
반달가슴곰 복원 사업,3.0
반달곰 복원사업 대통령,3.0
반핵운동,3.0
부산 환경 오염 사례,3.0
사대강 사업,3.0
사업 결과보고서 예시,3.0
산업안전보건위원회 안건,3.0
새만금간척사업,3.0
생명평화아시아,3.0
서천갯벌 위치,3.0
소원토끼,3.0
소프트웨어 사용권 증서,3.0
송상용,3.0
수자원 오염 사례,3.0
수질 오염 기사,3.0
수질오염 때문에 생태계가 파괴된 사례,3.0
수질오염 발생 시기,3.0
수질오염 지역,3.0
수질오염 해결 사례,3.0
수질오염공정시험기준 pdf,3.0
수질오염이 생태계가 파괴된 사례,3.0
수질요염 사례,3.0
숲벤,3.0
시화호 수질오염,3.0
신정3지구,3.0
쓰레기대란,3.0
알비노 악어,3.0
야생동물 발자국,3.0
야한사진모음,3.0
에너지기후정책연구소,3.0
오염 사례,3.0
오염사례,3.0
온산병 원인,3.0
우리나라 오염물질 사례,3.0
우리나라 환경 오염 사례,3.0
원자력 발전 사고,3.0
원자력 발전소 폭발 사례,3.0
원자력발전소 사고,3.0
원자력발전소 사고 사례,3.0
"유해한,나쁜",3.0
윤제용,3.0
은평새길,3.0
이명박 4대강 사업,3.0
이명박 미국산 소고기,3.0
이오성 기자,3.0
인권교육센터 들,3.0
일본 원전 폭발,3.0
자연 파괴 사례,3.0
작업환경측정 예비조사,3.0
장재연,3.0
쟁점사항,3.0
전북환경운동연합,3.0
지역 사회 에서 나타난 환경오염 사례,3.0
지역 오염 사례,3.0
지역사회에서 나타난 환경오염 사례와 환경오염이 생물에게 미친 영향,3.0
지역에서 나타난 환경오염 사례,3.0
지하철 공익광고,3.0
쪽방촌 폭염,3.0
천성산 도롱뇽,3.0
천성산 도롱뇽 사건,3.0
촬영계획서,3.0
층간소음 자살,3.0
텀블러 캠페인,3.0
페트병 재활용,3.0
프로그램 만족도 조사,3.0
한국 환경문제 사례,3.0
허베이스피리트호,3.0
환경화학 동화기술 pdf,3.0
1994년 낙동강 페놀 사건,2.0
2006두330,2.0
4대강 살리기 사업,2.0
dmz 지도,2.0
eco archive,2.0
ecoarchive,2.0
exposure factors handbook,2.0
nerl,2.0
teq,2.0
가습기 사망,2.0
가습기 살균제 사건 개요,2.0
가습기 살균제 옥시,2.0
가습기 살균제 원인,2.0
가습기 살인,2.0
가습기살균제 사건 원인,2.0
가습제 살균제 사건,2.0
간이상수도,2.0
강유환,2.0
강정해군기지,2.0
갯벌 지도,2.0
건의문,2.0
경과보고서,2.0
고스트 파이프 피쉬,2.0
공문 회신 양식,2.0
공원 도면 dwg,2.0
공원 평면도,2.0
공해병,2.0
관료정치,2.0
구미 불산 누출 사고,2.0
국내 수질 오염 사례,2.0
국내수질오염 사례,2.0
금융거래정보 제공사실 통보서 경찰청,2.0
금융거래정보 제공사실 통보서 수사목적 디시,2.0
금융거래정보 제공사실 통보서 조회,2.0
금융거래정보 제공사실 통보서 후기,2.0
기후위기 방탈출,2.0
기후위기 비상행동,2.0
기후위기비상행동,2.0
나이키 노동착취,2.0
낙동강 수질 오염 원인,2.0
낙동강 수질오염 생물 에 미치는 영향,2.0
낙동강 수질오염 해결 방안,2.0
낙동강 수질오염 해결방안,2.0
낙동강 오염 사건,2.0
낙동강 오염 원인,2.0
낙동강 페놀 사건,2.0
낙동강 페놀 오염 사건 생태계에 미치는 영향,2.0
낙동강 페놀 오염 사건 원인,2.0
낙동강 페놀 오염 사건 해결,2.0
낙동강 폐유 유출 사건,2.0
낙동강 폐유 유출 사고,2.0
낙동강 하천기본계획,2.0
낙동강페놀오염사건,2.0
낙동강페놀유출사건,2.0
녹지 네트워크,2.0
대한민국 수질오염,2.0
동물 보호 캠페인,2.0
맹꽁이 아카이브,2.0
맹아치수,2.0
모아19,2.0
물 오염 사례,2.0
미국산 소고기 광우병,2.0
민가협,2.0
밀양송전탑사건,2.0
반달가슴곰 복원,2.0
반전운동,2.0
발전소 폭발,2.0
백두대간 보호지역 지정현황,2.0
범우 msds,2.0
변전소 지도,2.0
복대리 위임장,2.0
부산 수질오염 사례,2.0
부안 방폐장,2.0
북한산성 지도,2.0
불꽃페미,2.0
비용편익 분석 예시,2.0
빗물 모으기,2.0
새만금 간척지,2.0
생태계 파괴 사건,2.0
생태계가 파괴된 사례,2.0
생태통로 사례,2.0
서명운동 양식,2.0
송상용 교수,2.0
수질 오염이 생태계 에 미치는 영향 사례,2.0
수질 환경오염 사례,2.0
수질오염,2.0
수질오염공정시험법,2.0
수질오염공정시험법 pdf,2.0
수질오염사고,2.0
수질오염으로 인한 피해사례,2.0
수질오염을 해결하기 위해 노력한 사례,2.0
수질오염의 예,2.0
수질오염이 발생한 시기,2.0
수질오염이 사례,2.0
수질오염이 생물에 미치는 영향 사례,2.0
수질오염이 생태계에 미치는 영향 사례,2.0
숲해설 프로그램,2.0
시민평화포럼,2.0
시화호,2.0
아주대학교 의과학연구소,2.0
안홍범,2.0
알비노악어,2.0
에코실험실,2.0
여우의 서식지,2.0
옥시 가습기,2.0
옥시 가습기 살균제 사건 정리,2.0
우리가람 길라잡이,2.0
우리나라 수질오염,2.0
우리나라 환경문제 지역,2.0
우리를 둘러싼 바다,2.0
우쥬러브,2.0
운문사 은행나무 사진,2.0
원자력 발전소 사고 위험성,2.0
원자력 발전소 폭발,2.0
원자력 사고 사례,2.0
원전 폭발,2.0
의사윤리지침,2.0
이기명,2.0
일본 원자력 발전소 사고,2.0
일본 후쿠시마 원전,2.0
일본 후쿠시마 원전 사고 원인,2.0
자연환경국민신탁,2.0
장군봉근린공원,2.0
정기총회 시나리오,2.0
제4차 국토종합계획 수정계획,2.0
제주 강정마을 해군기지,2.0
제주 해군기지,2.0
제주도 해군기지,2.0
제주참여환경연대,2.0
주권연대,2.0
중복투자,2.0
지구지역행동네트워크,2.0
지역사회 환경오염 사례,2.0
천성산 터널,2.0
침묵의숲,2.0
케이블카 설치 반대,2.0
케틀벨 루틴,2.0
케틀벨 운동 루틴,2.0
케틀벨 전신운동,2.0
크리스챤아카데미,2.0
탈핵시민행동,2.0
태안 기름 유출,2.0
태안 기름 유출 사고,2.0
토론 진행 대본,2.0
페놀 유출 사건,2.0
프로그램 계획서,2.0
한강 생태계,2.0
한국 대기오염 사건,2.0
한국도시연구소,2.0
한국수질오염 사례,2.0
한탄강댐,2.0
허베이스피리트호 유류오염사고,2.0
환겨오염 사례,2.0
환경 오염 기사,2.0
환경 오염사례,2.0
환경보전에 관한 국민의식조사,2.0
환경오염 예시,2.0
환경오염사레,2.0
환경오염으로 인한 피해사례,2.0
후원의 밤,2.0
후쿠시마 원자력 발전소 폭발,2.0
후쿠시마 원폭,2.0
1-ohp,1.0
19 moa,1.0
19 모음,1.0
19 사진 모음,1.0
1991 낙동강 페놀 오염 사건,1.0
1991년 낙동강 페놀 유출 사고,1.0
1994년 낙동강 페놀 유출 사건,1.0
19모야,1.0
19모어,1.0
3번방,1.0
4대강 사업 문제점,1.0
4대강 정비사업,1.0
5678.0,1.0
5678 서울도시철도,1.0
alternative technology,1.0
bpa bpf bps,1.0
bps bpf,1.0
drmo,1.0
ipbes 보고서,1.0
mearry,1.0
school forest,1.0
sgtr,1.0
soop 아카이브,1.0
tnwlfdhdua tkfp,1.0
ㅂ9모아,1.0
가리왕산 스키장,1.0
가습기 살균,1.0
가습기 살균제 사건 기사,1.0
가습기 살균제 사건 피해자,1.0
가습기 살균제 사고,1.0
가습기 살균제 사망 사건,1.0
가습기 살균제 사망자,1.0
가습기 살균제 제품,1.0
가습기 살균제 증상,1.0
가습기 살균제 피해,1.0
가습기 살균제사건,1.0
가습기 피해자,1.0
가습기당번,1.0
가습기살균제 사건 피해자,1.0
가습기살균제 피해,1.0
가습기살균제 피해자,1.0
가습기살균제사건,1.0
간담회 계획안,1.0
갈라파고스 바다사자,1.0
갈라파고스바다사자,1.0
갓 태어난 토끼,1.0
강의 대본,1.0
강화도 갯벌 보전의 필요성,1.0
강화도 갯벌 조사결과,1.0
갯벌 보전 홍보 포스터,1.0
갯벌 위치 지도,1.0
거부처분,1.0
건의문 예시,1.0
결과 보고서 예시,1.0
결과보고 공문,1.0
결과보고 양식,1.0
경찰청 금융거래정보 제공사실 통보서,1.0
고난 주간 묵상 자료,1.0
고스트파이프피쉬,1.0
공간풀숲,1.0
공군 규정,1.0
공군 규정집,1.0
공군규정,1.0
공기 파는 사회에 반대한다,1.0
공연 사회자 멘트,1.0
공원 배치도,1.0
관악산 송신소,1.0
교회 리플렛,1.0
구례군 토지면,1.0
국내 대기오염 사례 기사,1.0
국립공원 케이블카 설치,1.0
국민총행복,1.0
궁궐의 우리나무,1.0
권순범 대표,1.0
그린 네트워크,1.0
그린벨트,1.0
그린벨트 해제 반대,1.0
그린짐,1.0
금융 거래 정보 제공 사실 통보서,1.0
금융거래정보 등의 제공사실 통보서,1.0
금융거래정보 제공 사실 통보서 2차,1.0
금융거래정보 제공 사실 통보서 경찰청,1.0
금융거래정보 제공 사실 통보서 문서 번호 조회,1.0
금융거래정보 제공 사실 통보서 수사 목적,1.0
금융거래정보 제공 사실 통보서 수사 목적 디시,1.0
금융거래정보 제공 사실 통보서 일주일,1.0
금융거래정보 제공 사실 통보서 후기,1.0
금융거래정보 제공사실 통보서 거래내역,1.0
금융거래정보 제공사실 통보서 기간,1.0
금융거래정보 제공사실 통보서 디시,1.0
금융거래정보 제공사실 통보서 문서번호,1.0
금융거래정보 제공사실 통보서 카톡,1.0
금융결제원 금융거래정보 제공사실 통보서,1.0
기름 유출,1.0
기후 젠트리피케이션,1.0
나눔플러스 아이온,1.0
낙동강 수질오염이 생태계에 미치는 영향,1.0
낙동강 악취사건,1.0
낙동강 페놀 오염 사건 생물 에 미치는 영향,1.0
낙동강 페놀 오염 사건 생태계 에 미치는 영향,1.0
낙동강 페놀 오염 사건 생태계에 미친 영향,1.0
낙동강 페놀 오염 사건 영향,1.0
낙동강 페놀 유출 사고,1.0
낙동강 페놀오염사건,1.0
낙동강 환경오염,1.0
낙동강오염,1.0
낙천낙선운동,1.0
난개발,1.0
남이섬지도,1.0
녹색사회,1.0
녹색연합,1.0
니트로사민,1.0
대기오염 사례 한국,1.0
대통령께 올리는 탄원서,1.0
대한민국 환경 오염 사례,1.0
독일 음주운전,1.0
동물생태학,1.0
동물원 실태조사,1.0
동일본 대지진 후쿠시마 원전,1.0
두산 페놀,1.0
디자인 제안서 pdf,1.0
말씀자료,1.0
맹꽁이아카이브,1.0
먹는물 수질기준 및 검사 등에 관한 규칙,1.0
멧 콘돌프,1.0
멸종위기 동물 보호 방안,1.0
몇명,1.0
모니터링 방법,1.0
문당리,1.0
문화사회연구소,1.0
물범 영어로,1.0
미군 여중생 압사,1.0
미래 옷,1.0
민주통일민중운동연합,1.0
밀양 송전탑,1.0
바다의 가장자리,1.0
반달가슴곰캐릭터,1.0
반달곰 복원,1.0
반달곰 복원 반대,1.0
반달곰 복원 사업,1.0
반돌이,1.0
반전 평화 운동,1.0
반전평화운동,1.0
방사성 폐기물,1.0
방사성폐기물,1.0
방탈출 시나리오,1.0
배트피쉬,1.0
백신 중금속,1.0
백운교,1.0
범우화학 msds,1.0
보건의료단체연합,1.0
보행량,1.0
복개하천,1.0
부안 핵폐기장,1.0
부안사태,1.0
부정의한 사례,1.0
북한산 케이블카,1.0
불꽃페미액션 몸의 해방,1.0
붉은점모시나비,1.0
비건페스티벌,1.0
빈대 잡으려다 초가삼간 다 태운다,1.0
사대강,1.0
사대강사업,1.0
산업안전보건위원회 안건 예시,1.0
상원사 사진,1.0
새만금,1.0
새만금 간척 사업,1.0
새만금 간척사업 문제점,1.0
새만금 간척사업 현황,1.0
생태경관보전지역 지정현황,1.0
생태계 오염 사례,1.0
생태계 정의,1.0
생태지도,1.0
생태통로 설치 및 관리지침 2023,1.0
생태통로 설치 사례,1.0
서울 버스 운행시간,1.0
서울 수질오염 사례,1.0
서울 시내버스 운행시간,1.0
서천 갯벌 위치,1.0
서해안 기름유출사건,1.0
선박 건조 공정,1.0
선박 도장 공정,1.0
섬진강 지도,1.0
성남시민모임,1.0
성대골,1.0
세계 수질오염 사례,1.0
세계 탄소중립 정책,1.0
소음공해죄,1.0
수도권 쓰레기,1.0
수도권 쓰레기 매립지,1.0
수련회 사진,1.0
수원 영통,1.0
수원 용인,1.0
수입금,1.0
수질 오염 이 생태계 에 미치는 영향 사례,1.0
수질 오염 피해,1.0
수질 오염으로 생태계가 파괴된 사례,1.0
수질 오염이 생물 에 미치는 영향 사례,1.0
수질오염 공정시험기준,1.0
수질오염 발생 지역,1.0
수질오염 사례 낙동강,1.0
수질오염 사례 원인,1.0
수질오염 사례와 원인,1.0
수질오염 생태계 파괴,1.0
수질오염 생태계가 파괴된 사례,1.0
수질오염 예,1.0
수질오염 파괴된 사례,1.0
수질오염 피해,1.0
수질오염기사,1.0
수질오염의 생태계가 파괴된 사례,1.0
수질오염이 생물에 미치는 영향,1.0
숲 다시보기 아카이브,1.0
숲 아카이브 사이트,1.0
숲과 나눔,1.0
시민과학풀씨,1.0
시화호 오염 원인,1.0
식물도감,1.0
신웅재,1.0
신태백변전소,1.0
쓰레기 소각장 문제점,1.0
쓰레기 소각장 찬성 이유,1.0
씨프린스호,1.0
아라한강갑문,1.0
아카이브 마사지,1.0
아카이브 숲,1.0
아카이브 실사,1.0
암웨이의 문제점,1.0
야사 모음,1.0
야생조류연구회,1.0
야조회,1.0
야한사진 모음,1.0
에너지 적정기술,1.0
에어컨 없이 방 온도 낮추기,1.0
여우서식지,1.0
여우종,1.0
연산호,1.0
엿 사진,1.0
영광 원자력 발전소,1.0
영종도 문제점,1.0
오다이바 지도,1.0
옥시 사건,1.0
옥시싹싹 가습기당번,1.0
온산 공단 공해병 사건,1.0
우리가람,1.0
우리나라 4대강,1.0
우리나라의 환경오염 사례,1.0
운문사 은행나무,1.0
울산 공해병,1.0
울산 온산병,1.0
원가분석 보고서,1.0
원유 유출,1.0
원인이 뭐야,1.0
원자력 발전소 안전성 문제,1.0
원자력발전소 폭발,1.0
원자력사고,1.0
원전사고 사례,1.0
원전폭발,1.0
원진 레이온 사건,1.0
원진레이온 사건,1.0
원진레이온 이황화탄소,1.0
유전자 조작 식품,1.0
유전자 조작 식품 반대,1.0
유조선 사고,1.0
융건릉 사진,1.0
은평구 소각장,1.0
음용수,1.0
의왕시 제일모직 토양오염,1.0
이말산,1.0
이명박 4대강,1.0
이명박 사대강,1.0
이산혜연선사 발원문,1.0
이시재,1.0
이황화탄소 중독,1.0
인공나무,1.0
인터뷰 결과 ppt,1.0
일본 도호쿠 대지진,1.0
일본 원자력 발전소,1.0
일본 핵발전소 사고,1.0
임삼진,1.0
자동차란,1.0
자료요청 공문,1.0
자연재해 사망자 순위,1.0
자연파괴 사례,1.0
자원순환기본계획,1.0
작업환경측정 결과표,1.0
잠수교 뚜벅 뚜벅 축제 후기,1.0
장군봉 근린공원,1.0
장문로,1.0
재단법인 숲과나눔,1.0
재사용 재활용,1.0
재자연화,1.0
재활용 선별장,1.0
저유소,1.0
전국농민회총연맹,1.0
전국여성농민회총연합,1.0
전국여성연대,1.0
전국연대,1.0
전시 도록 pdf,1.0
전은선,1.0
정신대문제대책협의회,1.0
정주하,1.0
정태석,1.0
제2경인고속도로,1.0
조경 계획도 dwg,1.0
조한진희,1.0
주석광산,1.0
지구 온난화 뉴스,1.0
지구온난화 뉴스,1.0
지구의 날 포스터,1.0
지구의벗,1.0
지리산 반달곰 복원 사업 대통령,1.0
지리산 케이블카,1.0
지역 사회 에서 나타난 환경 오염 사례,1.0
지역 환경문제 사례,1.0
지역사회에서 환경 오염을 해결하기 위해 노력한 사례,1.0
지하철 단점,1.0
지하철 만들기,1.0
지하철 문제점,1.0
진관근린공원,1.0
찬미 받으 소서 pdf,1.0
창립총회,1.0
천이온도,1.0
천주교 정의 구현 전국 사제단,1.0
천주교정의구현전국사제단,1.0
체르노빌 원전 사고 디시,1.0
초본 식물,1.0
총선시민연대,1.0
촬영 계획서,1.0
최근 수질오염 사례,1.0
층간소음 범죄,1.0
침묵의 숲,1.0
캠페인 계획서,1.0
캠프 게리오웬,1.0
케이블카 반대,1.0
코스모스 향기,1.0
탈석탄,1.0
태안 기름 유출 사건,1.0
태안 기름 유출량,1.0
태안 기름유출 사건,1.0
태안 기름유출 사고,1.0
태안 앞바다 기름유출,1.0
태안 유조선,1.0
태안반도 기름유출,1.0
태안앞바다 기름유출,1.0
태양광 사업계획서,1.0
텀블러 사용,1.0
텀블러 사용 캠페인,1.0
토론 대본 양식,1.0
토론 대본 예시,1.0
토론 사회자 대본,1.0
토스 금융거래정보 제공사실 통보서,1.0
토양오염 그래프,1.0
토요신문,1.0
페놀유출사건,1.0
페트라 켈리,1.0
페트병 재활용 문제점,1.0
평화박물관,1.0
평화와 통일을 여는 사람들,1.0
평화와통일을여는사람들,1.0
폐도로,1.0
풀씨,1.0
풀씨연구회,1.0
프로그램 만족도 조사 설문지,1.0
프로그램 만족도조사,1.0
프로그램계획서,1.0
플라스틱 업사이클링 사례,1.0
하천단면도,1.0
하천에서 나무심기 및 관리에 관한 기준,1.0
학교 정원,1.0
한강 새,1.0
한겨레문화센터,1.0
한경오염 사례,1.0
한국 4대강,1.0
한국 공해 문제 연구소,1.0
한국 수질오염,1.0
한국 환경 오염 사례,1.0
한국공해문제연구소,1.0
한국기독교사회문제연구원,1.0
한국여성단체연합,1.0
한국작가회의 홈페이지,1.0
한국전력공사 주요 사업 및 현안,1.0
한국하천 안내지도 pdf,1.0
한국환경한림원,1.0
한전 독점,1.0
한전의 주요 사업 및 현안,1.0
행사 기획안,1.0
행사 대본,1.0
행사 시나리오 대본,1.0
현안 사항,1.0
환경 불평등,1.0
환경 사례,1.0
환경 신문 예시,1.0
환경 오염 지역 사례,1.0
환경교육,1.0
환경문제사례,1.0
환경사건,1.0
환경오염 노력한 사례,1.0
환경오염 문제 사례,1.0
환경오염 사례 한국,1.0
환경오염으로 인한 피해 사례,1.0
환경오염의 피해사례,1.0
환경정의,1.0
회신 공문,1.0
회신공문,1.0
회신서,1.0
횐경오염 사례,1.0
후쿠시마 원자력 사고,1.0
후쿠시마 원자력발전소 사고,1.0
후쿠시마 원전 사고 결과,1.0
후쿠시마 원전 사고 기사,1.0
후쿠시마 원전 사고 사망자,1.0
후쿠시마 원전 사고 위치,1.0
후쿠시마 원전 사고 피해,1.0
후쿠시마 폭발,1.0
후쿠시마 피폭,1.0
후쿠시마 핵폭탄,1.0
히로시마 원전사고,1.0
