Year,Song_Count,Avg_Eng_Ratio,Avg_Hangul_Ratio,Pure_Korean_Songs,Pure_Korean_Pct,Over_50_Eng_Songs,Over_50_Eng_Pct,Avg_Char_Count,Avg_Word_Count,Avg_Line_Count,Avg_TTR_Word,Avg_TTR_Token,Avg_1st_Pronoun,Avg_2nd_Pronoun,Avg_1st_Ratio
2015,89,26.53,73.47,21,23.6,19,21.35,685.98,254.47,57.61,0.54,0.35,20.04,12.65,63.24
2016,77,20.87,79.13,19,24.68,7,9.09,617.92,230.65,51.06,0.56,0.35,18.81,12.71,59.05
2017,70,22.62,77.38,19,27.14,10,14.29,620.6,232.27,51.2,0.55,0.34,19.5,10.16,65.46
2018,63,25.43,74.57,18,28.57,15,23.81,627.83,230.38,53.56,0.55,0.34,18.19,11.83,60.47
2019,69,18.28,81.72,35,50.72,10,14.49,560.7,209.03,48.75,0.57,0.35,16.58,11.33,59.03
2020,55,29.24,70.76,18,32.73,12,21.82,690.55,244.16,55.85,0.54,0.36,19.84,11.16,65.94
2021,52,30.89,69.11,15,28.85,15,28.85,767.63,268.04,59.75,0.56,0.36,22.87,10.42,68.31
2022,48,40.51,59.49,10,20.83,23,47.92,797.21,276.83,61.73,0.52,0.35,22.79,12.5,64.35
2023,42,52.73,47.27,7,16.67,26,61.9,878.74,276.0,61.0,0.47,0.34,27.43,14.38,65.34
2024,49,46.29,53.71,9,18.37,25,51.02,791.33,250.63,59.29,0.51,0.36,21.33,11.92,66.04
2025,36,54.14,45.86,10,27.78,22,61.11,906.0,274.75,61.03,0.47,0.34,28.08,12.14,65.82
