엔트리ID,주차,카테고리,순번,개념,클러스터
W01-해외일반-01,W01,해외일반,1,베니스비엔날레,비엔날레·이벤트
W01-해외일반-01,W01,해외일반,1,비엔날레,비엔날레·이벤트
W01-해외일반-01,W01,해외일반,1,지정학,사회·정치
W01-해외일반-01,W01,해외일반,1,표현의자유,사회·정치
W01-해외일반-02,W01,해외일반,2,베니스비엔날레,비엔날레·이벤트
W01-해외일반-02,W01,해외일반,2,비엔날레,비엔날레·이벤트
W01-해외일반-03,W01,해외일반,3,베니스비엔날레,비엔날레·이벤트
W01-해외일반-03,W01,해외일반,3,비엔날레,비엔날레·이벤트
W01-해외일반-03,W01,해외일반,3,표현의자유,사회·정치
W01-해외일반-04,W01,해외일반,4,베니스비엔날레,비엔날레·이벤트
W01-해외일반-04,W01,해외일반,4,비엔날레,비엔날레·이벤트
W01-해외일반-06,W01,해외일반,6,공공미술,이론·미술사
W01-해외일반-06,W01,해외일반,6,지정학,사회·정치
W01-해외일반-07,W01,해외일반,7,아트페어,시장·제도
W01-해외일반-07,W01,해외일반,7,미술시장,시장·제도
W01-해외AI-01,W01,해외AI,1,AI아트,AI·기술
W01-해외AI-01,W01,해외AI,1,생성AI,AI·기술
W01-해외AI-02,W01,해외AI,2,AI아트,AI·기술
W01-해외AI-02,W01,해외AI,2,생성AI,AI·기술
W01-해외AI-02,W01,해외AI,2,AI협업,AI·기술
W01-해외AI-03,W01,해외AI,3,AI아트,AI·기술
W01-해외AI-03,W01,해외AI,3,AI협업,AI·기술
W01-해외AI-03,W01,해외AI,3,퍼포먼스아트,이론·미술사
W01-해외AI-04,W01,해외AI,4,AI아트,AI·기술
W01-해외AI-04,W01,해외AI,4,AI윤리,AI·기술
W01-해외AI-04,W01,해외AI,4,노동권,사회·정치
W01-해외AI-05,W01,해외AI,5,AI아트,AI·기술
W01-해외AI-05,W01,해외AI,5,생성AI,AI·기술
W01-해외AI-05,W01,해외AI,5,아트바젤홍콩,시장·제도
W01-해외AI-06,W01,해외AI,6,AI아트,AI·기술
W01-해외AI-07,W01,해외AI,7,AI아트,AI·기술
W01-해외AI-07,W01,해외AI,7,생성AI,AI·기술
W01-해외AI-08,W01,해외AI,8,AI아트,AI·기술
W01-국내일반-01,W01,국내일반,1,미술시장,시장·제도
W01-국내일반-01,W01,국내일반,1,한국현대미술,이론·미술사
W01-국내일반-02,W01,국내일반,2,베니스비엔날레,비엔날레·이벤트
W01-국내일반-02,W01,국내일반,2,비엔날레,비엔날레·이벤트
W01-국내일반-02,W01,국내일반,2,한국현대미술,이론·미술사
W01-국내일반-04,W01,국내일반,4,미디어아트,이론·미술사
W01-국내일반-04,W01,국내일반,4,아트페어,시장·제도
W01-국내일반-04,W01,국내일반,4,국내아트페어,시장·제도
W01-국내일반-05,W01,국내일반,5,아트페어,시장·제도
W01-국내일반-05,W01,국내일반,5,국내아트페어,시장·제도
W01-국내일반-05,W01,국내일반,5,미술시장,시장·제도
W01-국내일반-06,W01,국내일반,6,아트페어,시장·제도
W01-국내일반-06,W01,국내일반,6,국내아트페어,시장·제도
W01-국내일반-06,W01,국내일반,6,미술시장,시장·제도
W01-국내일반-07,W01,국내일반,7,미디어아트,이론·미술사
W01-국내AI-01,W01,국내AI,1,AI아트,AI·기술
W01-국내AI-01,W01,국내AI,1,기후예술,사회·정치
W01-국내AI-01,W01,국내AI,1,예술과과학,AI·기술
W01-국내AI-02,W01,국내AI,2,AI아트,AI·기술
W01-국내AI-02,W01,국내AI,2,미디어아트,이론·미술사
W01-국내AI-02,W01,국내AI,2,생성AI,AI·기술
W01-국내AI-03,W01,국내AI,3,AI아트,AI·기술
W01-국내AI-03,W01,국내AI,3,미디어아트,이론·미술사
W01-국내AI-04,W01,국내AI,4,AI아트,AI·기술
W01-국내AI-05,W01,국내AI,5,AI저작권,AI·기술
W02-해외일반-01,W02,해외일반,1,베니스비엔날레,비엔날레·이벤트
W02-해외일반-01,W02,해외일반,1,비엔날레,비엔날레·이벤트
W02-해외일반-01,W02,해외일반,1,노동권,사회·정치
W02-해외일반-01,W02,해외일반,1,지정학,사회·정치
W02-해외일반-02,W02,해외일반,2,베니스비엔날레,비엔날레·이벤트
W02-해외일반-02,W02,해외일반,2,비엔날레,비엔날레·이벤트
W02-해외일반-02,W02,해외일반,2,표현의자유,사회·정치
W02-해외일반-03,W02,해외일반,3,베니스비엔날레,비엔날레·이벤트
W02-해외일반-03,W02,해외일반,3,비엔날레,비엔날레·이벤트
W02-해외일반-04,W02,해외일반,4,베니스비엔날레,비엔날레·이벤트
W02-해외일반-04,W02,해외일반,4,비엔날레,비엔날레·이벤트
W02-해외일반-04,W02,해외일반,4,표현의자유,사회·정치
W02-해외일반-05,W02,해외일반,5,노동권,사회·정치
W02-해외일반-06,W02,해외일반,6,현대미술이론,이론·미술사
W02-해외AI-01,W02,해외AI,1,AI아트,AI·기술
W02-해외AI-01,W02,해외AI,1,AI협업,AI·기술
W02-해외AI-01,W02,해외AI,1,퍼포먼스아트,이론·미술사
W02-해외AI-02,W02,해외AI,2,AI아트,AI·기술
W02-해외AI-02,W02,해외AI,2,생성AI,AI·기술
W02-해외AI-02,W02,해외AI,2,AI협업,AI·기술
W02-해외AI-03,W02,해외AI,3,AI윤리,AI·기술
W02-해외AI-04,W02,해외AI,4,AI아트,AI·기술
W02-해외AI-04,W02,해외AI,4,AI윤리,AI·기술
W02-해외AI-04,W02,해외AI,4,노동권,사회·정치
W02-해외AI-05,W02,해외AI,5,AI아트,AI·기술
W02-국내일반-01,W02,국내일반,1,베니스비엔날레,비엔날레·이벤트
W02-국내일반-01,W02,국내일반,1,비엔날레,비엔날레·이벤트
W02-국내일반-01,W02,국내일반,1,한국현대미술,이론·미술사
W02-국내일반-02,W02,국내일반,2,아트페어,시장·제도
W02-국내일반-02,W02,국내일반,2,국내아트페어,시장·제도
W02-국내일반-02,W02,국내일반,2,미술시장,시장·제도
W02-국내일반-03,W02,국내일반,3,한국현대미술,이론·미술사
W02-국내일반-04,W02,국내일반,4,미디어아트,이론·미술사
W02-국내일반-04,W02,국내일반,4,기후예술,사회·정치
W02-국내일반-05,W02,국내일반,5,미술시장,시장·제도
W02-국내일반-06,W02,국내일반,6,예술과과학,AI·기술
W02-국내일반-07,W02,국내일반,7,국내아트페어,시장·제도
W02-국내일반-07,W02,국내일반,7,미술시장,시장·제도
W02-국내일반-08,W02,국내일반,8,한국현대미술,이론·미술사
W02-국내일반-09,W02,국내일반,9,한국현대미술,이론·미술사
W02-국내일반-10,W02,국내일반,10,비엔날레,비엔날레·이벤트
W02-국내AI-01,W02,국내AI,1,생성AI,AI·기술
W02-국내AI-01,W02,국내AI,1,AI저작권,AI·기술
W02-국내AI-02,W02,국내AI,2,AI아트,AI·기술
W02-국내AI-02,W02,국내AI,2,미디어아트,이론·미술사
W02-국내AI-02,W02,국내AI,2,기후예술,사회·정치
W02-국내AI-04,W02,국내AI,4,AI아트,AI·기술
W02-국내AI-04,W02,국내AI,4,생성AI,AI·기술
W02-국내AI-05,W02,국내AI,5,AI협업,AI·기술
W03-해외일반-01,W03,해외일반,1,미술시장,시장·제도
W03-해외일반-02,W03,해외일반,2,퍼포먼스아트,이론·미술사
W03-해외일반-03,W03,해외일반,3,아트페어,시장·제도
W03-해외일반-03,W03,해외일반,3,미술시장,시장·제도
W03-해외일반-04,W03,해외일반,4,아트페어,시장·제도
W03-해외일반-04,W03,해외일반,4,미술시장,시장·제도
W03-해외일반-05,W03,해외일반,5,아트페어,시장·제도
W03-해외일반-06,W03,해외일반,6,비엔날레,비엔날레·이벤트
W03-해외일반-07,W03,해외일반,7,비엔날레,비엔날레·이벤트
W03-해외AI-01,W03,해외AI,1,AI아트,AI·기술
W03-해외AI-02,W03,해외AI,2,AI아트,AI·기술
W03-해외AI-02,W03,해외AI,2,AI협업,AI·기술
W03-해외AI-02,W03,해외AI,2,퍼포먼스아트,이론·미술사
W03-해외AI-03,W03,해외AI,3,AI아트,AI·기술
W03-해외AI-03,W03,해외AI,3,생성AI,AI·기술
W03-해외AI-04,W03,해외AI,4,딥페이크,AI·기술
W03-해외AI-04,W03,해외AI,4,AI윤리,AI·기술
W03-해외AI-04,W03,해외AI,4,노동권,사회·정치
W03-해외AI-05,W03,해외AI,5,생성AI,AI·기술
W03-해외AI-06,W03,해외AI,6,AI아트,AI·기술
W03-해외AI-06,W03,해외AI,6,AI윤리,AI·기술
W03-해외AI-06,W03,해외AI,6,노동권,사회·정치
W03-해외AI-07,W03,해외AI,7,AI아트,AI·기술
W03-해외AI-08,W03,해외AI,8,AI아트,AI·기술
W03-해외AI-08,W03,해외AI,8,미디어아트,이론·미술사
W03-국내일반-01,W03,국내일반,1,미술시장,시장·제도
W03-국내일반-01,W03,국내일반,1,한국현대미술,이론·미술사
W03-국내일반-02,W03,국내일반,2,한국현대미술,이론·미술사
W03-국내일반-03,W03,국내일반,3,한국현대미술,이론·미술사
W03-국내일반-04,W03,국내일반,4,국내아트페어,시장·제도
W03-국내일반-04,W03,국내일반,4,미술시장,시장·제도
W03-국내일반-07,W03,국내일반,7,한국현대미술,이론·미술사
W03-국내일반-08,W03,국내일반,8,한국현대미술,이론·미술사
W03-국내일반-09,W03,국내일반,9,비엔날레,비엔날레·이벤트
W03-국내AI-01,W03,국내AI,1,노동권,사회·정치
W03-국내AI-02,W03,국내AI,2,AI아트,AI·기술
W03-국내AI-02,W03,국내AI,2,AI협업,AI·기술
W03-국내AI-03,W03,국내AI,3,AI아트,AI·기술
W03-국내AI-04,W03,국내AI,4,AI교육,AI·기술
W03-국내AI-04,W03,국내AI,4,AI아트,AI·기술
W03-국내AI-05,W03,국내AI,5,AI교육,AI·기술
W04-해외일반-01,W04,해외일반,1,베니스비엔날레,비엔날레·이벤트
W04-해외일반-01,W04,해외일반,1,비엔날레,비엔날레·이벤트
W04-해외일반-02,W04,해외일반,2,베니스비엔날레,비엔날레·이벤트
W04-해외일반-02,W04,해외일반,2,표현의자유,사회·정치
W04-해외일반-02,W04,해외일반,2,지정학,사회·정치
W04-해외일반-03,W04,해외일반,3,지정학,사회·정치
W04-해외일반-04,W04,해외일반,4,예술과과학,AI·기술
W04-해외일반-05,W04,해외일반,5,공공미술,이론·미술사
W04-해외일반-05,W04,해외일반,5,지정학,사회·정치
W04-해외일반-06,W04,해외일반,6,공공미술,이론·미술사
W04-해외일반-07,W04,해외일반,7,비엔날레,비엔날레·이벤트
W04-해외일반-07,W04,해외일반,7,기후예술,사회·정치
W04-해외일반-08,W04,해외일반,8,아트바젤홍콩,시장·제도
W04-해외일반-08,W04,해외일반,8,미술시장,시장·제도
W04-해외AI-01,W04,해외AI,1,AI저작권,AI·기술
W04-해외AI-01,W04,해외AI,1,생성AI,AI·기술
W04-해외AI-02,W04,해외AI,2,AI아트,AI·기술
W04-해외AI-03,W04,해외AI,3,AI아트,AI·기술
W04-해외AI-03,W04,해외AI,3,AI윤리,AI·기술
W04-해외AI-03,W04,해외AI,3,노동권,사회·정치
W04-해외AI-04,W04,해외AI,4,예술과과학,AI·기술
W04-해외AI-05,W04,해외AI,5,노동권,사회·정치
W04-해외AI-05,W04,해외AI,5,AI교육,AI·기술
W04-해외AI-06,W04,해외AI,6,AI아트,AI·기술
W04-국내일반-01,W04,국내일반,1,비엔날레,비엔날레·이벤트
W04-국내일반-01,W04,국내일반,1,미디어아트,이론·미술사
W04-국내일반-02,W04,국내일반,2,베니스비엔날레,비엔날레·이벤트
W04-국내일반-02,W04,국내일반,2,비엔날레,비엔날레·이벤트
W04-국내일반-03,W04,국내일반,3,국내아트페어,시장·제도
W04-국내일반-03,W04,국내일반,3,미술시장,시장·제도
W04-국내일반-04,W04,국내일반,4,한국현대미술,이론·미술사
W04-국내일반-05,W04,국내일반,5,한국현대미술,이론·미술사
W04-국내일반-07,W04,국내일반,7,국내아트페어,시장·제도
W04-국내일반-07,W04,국내일반,7,미술시장,시장·제도
W04-국내일반-08,W04,국내일반,8,아트페어,시장·제도
W04-국내일반-08,W04,국내일반,8,한국현대미술,이론·미술사
W04-국내일반-10,W04,국내일반,10,한국현대미술,이론·미술사
W04-국내AI-01,W04,국내AI,1,웹툰AI,AI·기술
W04-국내AI-01,W04,국내AI,1,노동권,사회·정치
W04-국내AI-01,W04,국내AI,1,AI저작권,AI·기술
W04-국내AI-02,W04,국내AI,2,AI교육,AI·기술
W04-국내AI-02,W04,국내AI,2,AI아트,AI·기술
W04-국내AI-03,W04,국내AI,3,AI아트,AI·기술
W04-국내AI-04,W04,국내AI,4,AI아트,AI·기술
W04-국내AI-04,W04,국내AI,4,미디어아트,이론·미술사
W04-국내AI-05,W04,국내AI,5,미술시장,시장·제도
W05-해외일반-01,W05,해외일반,1,미디어아트,이론·미술사
W05-해외일반-01,W05,해외일반,1,생성AI,AI·기술
W05-해외일반-02,W05,해외일반,2,비엔날레,비엔날레·이벤트
W05-해외일반-02,W05,해외일반,2,미디어아트,이론·미술사
W05-해외일반-03,W05,해외일반,3,예술과과학,AI·기술
W05-해외일반-04,W05,해외일반,4,지정학,사회·정치
W05-해외일반-06,W05,해외일반,6,미술시장,시장·제도
W05-해외일반-07,W05,해외일반,7,현대미술이론,이론·미술사
W05-해외일반-08,W05,해외일반,8,베니스비엔날레,비엔날레·이벤트
W05-해외일반-08,W05,해외일반,8,비엔날레,비엔날레·이벤트
W05-해외AI-01,W05,해외AI,1,AI저작권,AI·기술
W05-해외AI-01,W05,해외AI,1,생성AI,AI·기술
W05-해외AI-03,W05,해외AI,3,노동권,사회·정치
W05-해외AI-04,W05,해외AI,4,노동권,사회·정치
W05-해외AI-05,W05,해외AI,5,AI아트,AI·기술
W05-해외AI-05,W05,해외AI,5,AI윤리,AI·기술
W05-국내일반-01,W05,국내일반,1,국내아트페어,시장·제도
W05-국내일반-01,W05,국내일반,1,미술시장,시장·제도
W05-국내일반-02,W05,국내일반,2,한국현대미술,이론·미술사
W05-국내일반-03,W05,국내일반,3,한국현대미술,이론·미술사
W05-국내일반-04,W05,국내일반,4,한국현대미술,이론·미술사
W05-국내일반-05,W05,국내일반,5,미술시장,시장·제도
W05-국내일반-05,W05,국내일반,5,아트페어,시장·제도
W05-국내일반-06,W05,국내일반,6,한국현대미술,이론·미술사
W05-국내일반-07,W05,국내일반,7,비엔날레,비엔날레·이벤트
W05-국내일반-08,W05,국내일반,8,한국현대미술,이론·미술사
W05-국내일반-09,W05,국내일반,9,한국현대미술,이론·미술사
W05-국내일반-09,W05,국내일반,9,미디어아트,이론·미술사
W05-국내AI-01,W05,국내AI,1,AI아트,AI·기술
W05-국내AI-02,W05,국내AI,2,AI아트,AI·기술
W05-국내AI-02,W05,국내AI,2,생성AI,AI·기술
W05-국내AI-03,W05,국내AI,3,AI아트,AI·기술
W05-국내AI-04,W05,국내AI,4,노동권,사회·정치
W05-국내AI-04,W05,국내AI,4,생성AI,AI·기술
W05-국내AI-05,W05,국내AI,5,생성AI,AI·기술
W05-국내AI-05,W05,국내AI,5,미디어아트,이론·미술사
W05-국내AI-06,W05,국내AI,6,생성AI,AI·기술
W05-국내큐레이션-01,W05,국내큐레이션,1,현대미술이론,이론·미술사
W05-국내큐레이션-02,W05,국내큐레이션,2,베니스비엔날레,비엔날레·이벤트
W05-국내큐레이션-02,W05,국내큐레이션,2,비엔날레,비엔날레·이벤트
W05-국내큐레이션-02,W05,국내큐레이션,2,지정학,사회·정치
W05-국내큐레이션-02,W05,국내큐레이션,2,표현의자유,사회·정치
W05-국내큐레이션-03,W05,국내큐레이션,3,국내아트페어,시장·제도
W05-국내큐레이션-03,W05,국내큐레이션,3,미술시장,시장·제도
W05-국내큐레이션-04,W05,국내큐레이션,4,베니스비엔날레,비엔날레·이벤트
W05-국내큐레이션-04,W05,국내큐레이션,4,비엔날레,비엔날레·이벤트
W05-국내큐레이션-06,W05,국내큐레이션,6,한국현대미술,이론·미술사
W06-해외일반-01,W06,해외일반,1,미술시장,시장·제도
W06-해외일반-01,W06,해외일반,1,노동권,사회·정치
W06-해외일반-03,W06,해외일반,3,노동권,사회·정치
W06-해외일반-04,W06,해외일반,4,베니스비엔날레,비엔날레·이벤트
W06-해외일반-04,W06,해외일반,4,비엔날레,비엔날레·이벤트
W06-해외일반-04,W06,해외일반,4,표현의자유,사회·정치
W06-해외일반-05,W06,해외일반,5,예술과과학,AI·기술
W06-해외AI-01,W06,해외AI,1,AI윤리,AI·기술
W06-해외AI-02,W06,해외AI,2,AI저작권,AI·기술
W06-해외AI-03,W06,해외AI,3,AI윤리,AI·기술
W06-국내일반-01,W06,국내일반,1,미술시장,시장·제도
W06-국내일반-02,W06,국내일반,2,국내아트페어,시장·제도
W06-국내일반-02,W06,국내일반,2,미술시장,시장·제도
W06-국내일반-03,W06,국내일반,3,한국현대미술,이론·미술사
W06-국내일반-04,W06,국내일반,4,비엔날레,비엔날레·이벤트
W06-국내일반-05,W06,국내일반,5,한국현대미술,이론·미술사
W06-국내일반-05,W06,국내일반,5,지정학,사회·정치
W06-국내일반-06,W06,국내일반,6,미디어아트,이론·미술사
W06-국내일반-06,W06,국내일반,6,AI아트,AI·기술
W06-국내일반-07,W06,국내일반,7,한국현대미술,이론·미술사
W06-국내AI-01,W06,국내AI,1,AI아트,AI·기술
W06-국내AI-02,W06,국내AI,2,AI아트,AI·기술
W06-국내AI-03,W06,국내AI,3,생성AI,AI·기술
W06-국내AI-03,W06,국내AI,3,AI저작권,AI·기술
W06-국내AI-04,W06,국내AI,4,AI아트,AI·기술
W06-국내AI-04,W06,국내AI,4,생성AI,AI·기술
W06-국내AI-05,W06,국내AI,5,생성AI,AI·기술
W06-국내AI-05,W06,국내AI,5,AI아트,AI·기술
W06-국내AI-06,W06,국내AI,6,웹툰AI,AI·기술
W06-국내AI-06,W06,국내AI,6,AI교육,AI·기술
W06-국내큐레이션-01,W06,국내큐레이션,1,퍼포먼스아트,이론·미술사
W06-국내큐레이션-03,W06,국내큐레이션,3,미디어아트,이론·미술사
W06-국내큐레이션-03,W06,국내큐레이션,3,퍼포먼스아트,이론·미술사
W06-국내큐레이션-04,W06,국내큐레이션,4,한국현대미술,이론·미술사
W07-해외일반-01,W07,해외일반,1,미디어아트,이론·미술사
W07-해외일반-02,W07,해외일반,2,미디어아트,이론·미술사
W07-해외일반-04,W07,해외일반,4,표현의자유,사회·정치
W07-해외일반-04,W07,해외일반,4,지정학,사회·정치
W07-해외일반-05,W07,해외일반,5,노동권,사회·정치
W07-해외일반-06,W07,해외일반,6,지정학,사회·정치
W07-해외일반-07,W07,해외일반,7,기후예술,사회·정치
W07-해외일반-08,W07,해외일반,8,베니스비엔날레,비엔날레·이벤트
W07-해외일반-08,W07,해외일반,8,비엔날레,비엔날레·이벤트
W07-해외일반-08,W07,해외일반,8,노동권,사회·정치
W07-해외일반-08,W07,해외일반,8,지정학,사회·정치
W07-해외일반-09,W07,해외일반,9,비엔날레,비엔날레·이벤트
W07-해외AI-01,W07,해외AI,1,AI아트,AI·기술
W07-해외AI-01,W07,해외AI,1,생성AI,AI·기술
W07-해외AI-02,W07,해외AI,2,딥페이크,AI·기술
W07-해외AI-02,W07,해외AI,2,생성AI,AI·기술
W07-국내일반-01,W07,국내일반,1,비엔날레,비엔날레·이벤트
W07-국내일반-02,W07,국내일반,2,한국현대미술,이론·미술사
W07-국내일반-03,W07,국내일반,3,한국현대미술,이론·미술사
W07-국내일반-04,W07,국내일반,4,한국현대미술,이론·미술사
W07-국내일반-05,W07,국내일반,5,한국현대미술,이론·미술사
W07-국내일반-06,W07,국내일반,6,한국현대미술,이론·미술사
W07-국내AI-01,W07,국내AI,1,AI교육,AI·기술
W07-국내AI-02,W07,국내AI,2,AI교육,AI·기술
W07-국내AI-02,W07,국내AI,2,생성AI,AI·기술
W07-국내AI-03,W07,국내AI,3,AI교육,AI·기술
W07-국내AI-03,W07,국내AI,3,생성AI,AI·기술
W08-해외일반-01,W08,해외일반,1,아트페어,시장·제도
W08-해외일반-01,W08,해외일반,1,미술시장,시장·제도
W08-해외일반-02,W08,해외일반,2,노동권,사회·정치
W08-해외일반-03,W08,해외일반,3,공공미술,이론·미술사
W08-해외일반-03,W08,해외일반,3,지정학,사회·정치
W08-해외일반-04,W08,해외일반,4,미디어아트,이론·미술사
W08-해외일반-05,W08,해외일반,5,현대미술이론,이론·미술사
W08-해외일반-05,W08,해외일반,5,생성AI,AI·기술
W08-해외일반-06,W08,해외일반,6,지정학,사회·정치
W08-해외일반-07,W08,해외일반,7,AI윤리,AI·기술
W08-해외일반-08,W08,해외일반,8,퍼포먼스아트,이론·미술사
W08-해외AI-01,W08,해외AI,1,AI아트,AI·기술
W08-해외AI-01,W08,해외AI,1,생성AI,AI·기술
W08-해외AI-02,W08,해외AI,2,생성AI,AI·기술
W08-해외AI-03,W08,해외AI,3,생성AI,AI·기술
W08-해외AI-03,W08,해외AI,3,웹툰AI,AI·기술
W08-국내일반-01,W08,국내일반,1,한국현대미술,이론·미술사
W08-국내일반-02,W08,국내일반,2,아트페어,시장·제도
W08-국내일반-02,W08,국내일반,2,미술시장,시장·제도
W08-국내일반-03,W08,국내일반,3,국내아트페어,시장·제도
W08-국내일반-03,W08,국내일반,3,미술시장,시장·제도
W08-국내일반-04,W08,국내일반,4,한국현대미술,이론·미술사
W08-국내일반-05,W08,국내일반,5,한국현대미술,이론·미술사
W08-국내일반-06,W08,국내일반,6,아트페어,시장·제도
W08-국내일반-06,W08,국내일반,6,미술시장,시장·제도
W08-국내AI-01,W08,국내AI,1,AI아트,AI·기술
W08-국내AI-01,W08,국내AI,1,미술시장,시장·제도
W08-국내AI-02,W08,국내AI,2,노동권,사회·정치
W08-국내큐레이션-03,W08,국내큐레이션,3,노동권,사회·정치
W08-국내큐레이션-04,W08,국내큐레이션,4,현대미술이론,이론·미술사
W08-국내큐레이션-05,W08,국내큐레이션,5,미술시장,시장·제도
W08-국내큐레이션-05,W08,국내큐레이션,5,한국현대미술,이론·미술사
W08-국내큐레이션-06,W08,국내큐레이션,6,미디어아트,이론·미술사
W08-국내큐레이션-07,W08,국내큐레이션,7,한국현대미술,이론·미술사
W08-국내큐레이션-08,W08,국내큐레이션,8,한국현대미술,이론·미술사
W09-해외일반-01,W09,해외일반,1,현대미술이론,이론·미술사
W09-해외일반-02,W09,해외일반,2,미디어아트,이론·미술사
W09-해외일반-03,W09,해외일반,3,지정학,사회·정치
W09-해외일반-03,W09,해외일반,3,퍼포먼스아트,이론·미술사
W09-해외일반-04,W09,해외일반,4,퍼포먼스아트,이론·미술사
W09-해외일반-04,W09,해외일반,4,한국현대미술,이론·미술사
W09-해외일반-05,W09,해외일반,5,비엔날레,비엔날레·이벤트
W09-해외일반-05,W09,해외일반,5,지정학,사회·정치
W09-해외일반-06,W09,해외일반,6,지정학,사회·정치
W09-해외AI-01,W09,해외AI,1,AI아트,AI·기술
W09-해외AI-03,W09,해외AI,3,AI윤리,AI·기술
W09-국내일반-01,W09,국내일반,1,국내아트페어,시장·제도
W09-국내일반-01,W09,국내일반,1,미술시장,시장·제도
W09-국내일반-02,W09,국내일반,2,미술시장,시장·제도
W09-국내일반-03,W09,국내일반,3,퍼포먼스아트,이론·미술사
W09-국내일반-03,W09,국내일반,3,베니스비엔날레,비엔날레·이벤트
W09-국내일반-04,W09,국내일반,4,미디어아트,이론·미술사
W09-국내일반-05,W09,국내일반,5,베니스비엔날레,비엔날레·이벤트
W09-국내일반-05,W09,국내일반,5,비엔날레,비엔날레·이벤트
W09-국내일반-06,W09,국내일반,6,아트페어,시장·제도
W09-국내일반-06,W09,국내일반,6,국내아트페어,시장·제도
W09-국내일반-06,W09,국내일반,6,미술시장,시장·제도
W09-국내일반-07,W09,국내일반,7,아트페어,시장·제도
W09-국내일반-07,W09,국내일반,7,미술시장,시장·제도
W09-국내AI-01,W09,국내AI,1,생성AI,AI·기술
W09-국내AI-01,W09,국내AI,1,AI협업,AI·기술
W09-국내AI-02,W09,국내AI,2,AI아트,AI·기술
W09-국내AI-03,W09,국내AI,3,AI교육,AI·기술
W09-국내AI-03,W09,국내AI,3,생성AI,AI·기술
W09-국내큐레이션-02,W09,국내큐레이션,2,AI아트,AI·기술
W09-국내큐레이션-03,W09,국내큐레이션,3,아트페어,시장·제도
W09-국내큐레이션-03,W09,국내큐레이션,3,미술시장,시장·제도
W09-국내큐레이션-04,W09,국내큐레이션,4,한국현대미술,이론·미술사
W09-국내큐레이션-05,W09,국내큐레이션,5,한국현대미술,이론·미술사
W09-국내큐레이션-06,W09,국내큐레이션,6,미디어아트,이론·미술사
W10-해외일반-03,W10,해외일반,3,지정학,사회·정치
W10-해외일반-04,W10,해외일반,4,미술시장,시장·제도
W10-해외일반-04,W10,해외일반,4,노동권,사회·정치
W10-해외일반-05,W10,해외일반,5,지정학,사회·정치
W10-해외일반-06,W10,해외일반,6,비엔날레,비엔날레·이벤트
W10-해외일반-06,W10,해외일반,6,기후예술,사회·정치
W10-해외일반-06,W10,해외일반,6,노동권,사회·정치
W10-해외일반-07,W10,해외일반,7,지정학,사회·정치
W10-해외일반-08,W10,해외일반,8,비엔날레,비엔날레·이벤트
W10-해외일반-08,W10,해외일반,8,기후예술,사회·정치
W10-해외AI-01,W10,해외AI,1,생성AI,AI·기술
W10-해외AI-02,W10,해외AI,2,예술과과학,AI·기술
W10-해외AI-03,W10,해외AI,3,AI윤리,AI·기술
W10-해외AI-03,W10,해외AI,3,노동권,사회·정치
W10-국내일반-01,W10,국내일반,1,한국현대미술,이론·미술사
W10-국내일반-02,W10,국내일반,2,베니스비엔날레,비엔날레·이벤트
W10-국내일반-02,W10,국내일반,2,한국현대미술,이론·미술사
W10-국내일반-03,W10,국내일반,3,비엔날레,비엔날레·이벤트
W10-국내일반-04,W10,국내일반,4,비엔날레,비엔날레·이벤트
W10-국내일반-05,W10,국내일반,5,지정학,사회·정치
W10-국내일반-06,W10,국내일반,6,현대미술이론,이론·미술사
W10-국내일반-07,W10,국내일반,7,한국현대미술,이론·미술사
W10-국내일반-07,W10,국내일반,7,AI아트,AI·기술
W10-국내AI-01,W10,국내AI,1,생성AI,AI·기술
W10-국내AI-01,W10,국내AI,1,노동권,사회·정치
W10-국내AI-02,W10,국내AI,2,생성AI,AI·기술
W10-국내AI-02,W10,국내AI,2,AI교육,AI·기술
W10-국내큐레이션-01,W10,국내큐레이션,1,미디어아트,이론·미술사
W10-국내큐레이션-02,W10,국내큐레이션,2,AI아트,AI·기술
W10-국내큐레이션-02,W10,국내큐레이션,2,생성AI,AI·기술
W10-국내큐레이션-03,W10,국내큐레이션,3,한국현대미술,이론·미술사
W10-국내큐레이션-03,W10,국내큐레이션,3,지정학,사회·정치
W10-국내큐레이션-04,W10,국내큐레이션,4,미술시장,시장·제도
W11-해외일반-01,W11,해외일반,1,베니스비엔날레,비엔날레·이벤트
W11-해외일반-01,W11,해외일반,1,노동권,사회·정치
W11-해외일반-01,W11,해외일반,1,지정학,사회·정치
W11-해외일반-02,W11,해외일반,2,현대미술이론,이론·미술사
W11-해외일반-03,W11,해외일반,3,비엔날레,비엔날레·이벤트
W11-해외일반-03,W11,해외일반,3,노동권,사회·정치
W11-해외일반-04,W11,해외일반,4,현대미술이론,이론·미술사
W11-해외일반-04,W11,해외일반,4,한국현대미술,이론·미술사
W11-해외일반-05,W11,해외일반,5,베니스비엔날레,비엔날레·이벤트
W11-해외일반-05,W11,해외일반,5,지정학,사회·정치
W11-해외일반-05,W11,해외일반,5,노동권,사회·정치
W11-해외일반-06,W11,해외일반,6,미술시장,시장·제도
W11-해외일반-08,W11,해외일반,8,공공미술,이론·미술사
W11-해외AI-01,W11,해외AI,1,AI아트,AI·기술
W11-해외AI-01,W11,해외AI,1,생성AI,AI·기술
W11-해외AI-01,W11,해외AI,1,미디어아트,이론·미술사
W11-해외AI-02,W11,해외AI,2,AI아트,AI·기술
W11-해외AI-02,W11,해외AI,2,생성AI,AI·기술
W11-해외AI-03,W11,해외AI,3,AI아트,AI·기술
W11-해외AI-04,W11,해외AI,4,AI아트,AI·기술
W11-해외AI-04,W11,해외AI,4,퍼포먼스아트,이론·미술사
W11-해외AI-05,W11,해외AI,5,AI아트,AI·기술
W11-해외AI-05,W11,해외AI,5,AI윤리,AI·기술
W11-해외AI-06,W11,해외AI,6,AI윤리,AI·기술
W11-국내일반-02,W11,국내일반,2,비엔날레,비엔날레·이벤트
W11-국내일반-03,W11,국내일반,3,한국현대미술,이론·미술사
W11-국내일반-04,W11,국내일반,4,미술시장,시장·제도
W11-국내일반-05,W11,국내일반,5,한국현대미술,이론·미술사
W11-국내일반-06,W11,국내일반,6,한국현대미술,이론·미술사
W11-국내일반-07,W11,국내일반,7,한국현대미술,이론·미술사
W11-국내일반-09,W11,국내일반,9,한국현대미술,이론·미술사
W11-국내AI-01,W11,국내AI,1,AI아트,AI·기술
W11-국내AI-01,W11,국내AI,1,미디어아트,이론·미술사
W11-국내AI-02,W11,국내AI,2,미술시장,시장·제도
W11-국내AI-02,W11,국내AI,2,생성AI,AI·기술
W11-국내AI-03,W11,국내AI,3,생성AI,AI·기술
W11-국내AI-03,W11,국내AI,3,AI저작권,AI·기술
W11-국내AI-04,W11,국내AI,4,AI저작권,AI·기술
W11-국내AI-05,W11,국내AI,5,AI저작권,AI·기술
W11-국내AI-06,W11,국내AI,6,AI저작권,AI·기술
W11-국내AI-06,W11,국내AI,6,생성AI,AI·기술
W11-국내큐레이션-02,W11,국내큐레이션,2,현대미술이론,이론·미술사
W11-국내큐레이션-03,W11,국내큐레이션,3,AI아트,AI·기술
W11-국내큐레이션-03,W11,국내큐레이션,3,생성AI,AI·기술
W11-국내큐레이션-04,W11,국내큐레이션,4,지정학,사회·정치
W11-국내큐레이션-04,W11,국내큐레이션,4,한국현대미술,이론·미술사
W11-국내큐레이션-05,W11,국내큐레이션,5,한국현대미술,이론·미술사
