엔트리ID,주차,기간,카테고리,순번,부여개념수,부여개념
W01-해외일반-01,W01,2026-04-27~2026-05-03,해외일반,1,4,베니스비엔날레;비엔날레;지정학;표현의자유
W01-해외일반-02,W01,2026-04-27~2026-05-03,해외일반,2,2,베니스비엔날레;비엔날레
W01-해외일반-03,W01,2026-04-27~2026-05-03,해외일반,3,3,베니스비엔날레;비엔날레;표현의자유
W01-해외일반-04,W01,2026-04-27~2026-05-03,해외일반,4,2,베니스비엔날레;비엔날레
W01-해외일반-05,W01,2026-04-27~2026-05-03,해외일반,5,0,
W01-해외일반-06,W01,2026-04-27~2026-05-03,해외일반,6,2,공공미술;지정학
W01-해외일반-07,W01,2026-04-27~2026-05-03,해외일반,7,2,아트페어;미술시장
W01-해외일반-08,W01,2026-04-27~2026-05-03,해외일반,8,0,
W01-해외일반-09,W01,2026-04-27~2026-05-03,해외일반,9,0,
W01-해외AI-01,W01,2026-04-27~2026-05-03,해외AI,1,2,AI아트;생성AI
W01-해외AI-02,W01,2026-04-27~2026-05-03,해외AI,2,3,AI아트;생성AI;AI협업
W01-해외AI-03,W01,2026-04-27~2026-05-03,해외AI,3,3,AI아트;AI협업;퍼포먼스아트
W01-해외AI-04,W01,2026-04-27~2026-05-03,해외AI,4,3,AI아트;AI윤리;노동권
W01-해외AI-05,W01,2026-04-27~2026-05-03,해외AI,5,3,AI아트;생성AI;아트바젤홍콩
W01-해외AI-06,W01,2026-04-27~2026-05-03,해외AI,6,1,AI아트
W01-해외AI-07,W01,2026-04-27~2026-05-03,해외AI,7,2,AI아트;생성AI
W01-해외AI-08,W01,2026-04-27~2026-05-03,해외AI,8,1,AI아트
W01-국내일반-01,W01,2026-04-27~2026-05-03,국내일반,1,2,미술시장;한국현대미술
W01-국내일반-02,W01,2026-04-27~2026-05-03,국내일반,2,3,베니스비엔날레;비엔날레;한국현대미술
W01-국내일반-03,W01,2026-04-27~2026-05-03,국내일반,3,0,
W01-국내일반-04,W01,2026-04-27~2026-05-03,국내일반,4,3,미디어아트;아트페어;국내아트페어
W01-국내일반-05,W01,2026-04-27~2026-05-03,국내일반,5,3,아트페어;국내아트페어;미술시장
W01-국내일반-06,W01,2026-04-27~2026-05-03,국내일반,6,3,아트페어;국내아트페어;미술시장
W01-국내일반-07,W01,2026-04-27~2026-05-03,국내일반,7,1,미디어아트
W01-국내AI-01,W01,2026-04-27~2026-05-03,국내AI,1,3,AI아트;기후예술;예술과과학
W01-국내AI-02,W01,2026-04-27~2026-05-03,국내AI,2,3,AI아트;미디어아트;생성AI
W01-국내AI-03,W01,2026-04-27~2026-05-03,국내AI,3,2,AI아트;미디어아트
W01-국내AI-04,W01,2026-04-27~2026-05-03,국내AI,4,1,AI아트
W01-국내AI-05,W01,2026-04-27~2026-05-03,국내AI,5,1,AI저작권
W02-해외일반-01,W02,2026-05-04~2026-05-10,해외일반,1,4,베니스비엔날레;비엔날레;노동권;지정학
W02-해외일반-02,W02,2026-05-04~2026-05-10,해외일반,2,3,베니스비엔날레;비엔날레;표현의자유
W02-해외일반-03,W02,2026-05-04~2026-05-10,해외일반,3,2,베니스비엔날레;비엔날레
W02-해외일반-04,W02,2026-05-04~2026-05-10,해외일반,4,3,베니스비엔날레;비엔날레;표현의자유
W02-해외일반-05,W02,2026-05-04~2026-05-10,해외일반,5,1,노동권
W02-해외일반-06,W02,2026-05-04~2026-05-10,해외일반,6,1,현대미술이론
W02-해외AI-01,W02,2026-05-04~2026-05-10,해외AI,1,3,AI아트;AI협업;퍼포먼스아트
W02-해외AI-02,W02,2026-05-04~2026-05-10,해외AI,2,3,AI아트;생성AI;AI협업
W02-해외AI-03,W02,2026-05-04~2026-05-10,해외AI,3,1,AI윤리
W02-해외AI-04,W02,2026-05-04~2026-05-10,해외AI,4,3,AI아트;AI윤리;노동권
W02-해외AI-05,W02,2026-05-04~2026-05-10,해외AI,5,1,AI아트
W02-국내일반-01,W02,2026-05-04~2026-05-10,국내일반,1,3,베니스비엔날레;비엔날레;한국현대미술
W02-국내일반-02,W02,2026-05-04~2026-05-10,국내일반,2,3,아트페어;국내아트페어;미술시장
W02-국내일반-03,W02,2026-05-04~2026-05-10,국내일반,3,1,한국현대미술
W02-국내일반-04,W02,2026-05-04~2026-05-10,국내일반,4,2,미디어아트;기후예술
W02-국내일반-05,W02,2026-05-04~2026-05-10,국내일반,5,1,미술시장
W02-국내일반-06,W02,2026-05-04~2026-05-10,국내일반,6,1,예술과과학
W02-국내일반-07,W02,2026-05-04~2026-05-10,국내일반,7,2,국내아트페어;미술시장
W02-국내일반-08,W02,2026-05-04~2026-05-10,국내일반,8,1,한국현대미술
W02-국내일반-09,W02,2026-05-04~2026-05-10,국내일반,9,1,한국현대미술
W02-국내일반-10,W02,2026-05-04~2026-05-10,국내일반,10,1,비엔날레
W02-국내AI-01,W02,2026-05-04~2026-05-10,국내AI,1,2,생성AI;AI저작권
W02-국내AI-02,W02,2026-05-04~2026-05-10,국내AI,2,3,AI아트;미디어아트;기후예술
W02-국내AI-03,W02,2026-05-04~2026-05-10,국내AI,3,0,
W02-국내AI-04,W02,2026-05-04~2026-05-10,국내AI,4,2,AI아트;생성AI
W02-국내AI-05,W02,2026-05-04~2026-05-10,국내AI,5,1,AI협업
W03-해외일반-01,W03,2026-05-11~2026-05-17,해외일반,1,1,미술시장
W03-해외일반-02,W03,2026-05-11~2026-05-17,해외일반,2,1,퍼포먼스아트
W03-해외일반-03,W03,2026-05-11~2026-05-17,해외일반,3,2,아트페어;미술시장
W03-해외일반-04,W03,2026-05-11~2026-05-17,해외일반,4,2,아트페어;미술시장
W03-해외일반-05,W03,2026-05-11~2026-05-17,해외일반,5,1,아트페어
W03-해외일반-06,W03,2026-05-11~2026-05-17,해외일반,6,1,비엔날레
W03-해외일반-07,W03,2026-05-11~2026-05-17,해외일반,7,1,비엔날레
W03-해외AI-01,W03,2026-05-11~2026-05-17,해외AI,1,1,AI아트
W03-해외AI-02,W03,2026-05-11~2026-05-17,해외AI,2,3,AI아트;AI협업;퍼포먼스아트
W03-해외AI-03,W03,2026-05-11~2026-05-17,해외AI,3,2,AI아트;생성AI
W03-해외AI-04,W03,2026-05-11~2026-05-17,해외AI,4,3,딥페이크;AI윤리;노동권
W03-해외AI-05,W03,2026-05-11~2026-05-17,해외AI,5,1,생성AI
W03-해외AI-06,W03,2026-05-11~2026-05-17,해외AI,6,3,AI아트;AI윤리;노동권
W03-해외AI-07,W03,2026-05-11~2026-05-17,해외AI,7,1,AI아트
W03-해외AI-08,W03,2026-05-11~2026-05-17,해외AI,8,2,AI아트;미디어아트
W03-국내일반-01,W03,2026-05-11~2026-05-17,국내일반,1,2,미술시장;한국현대미술
W03-국내일반-02,W03,2026-05-11~2026-05-17,국내일반,2,1,한국현대미술
W03-국내일반-03,W03,2026-05-11~2026-05-17,국내일반,3,1,한국현대미술
W03-국내일반-04,W03,2026-05-11~2026-05-17,국내일반,4,2,국내아트페어;미술시장
W03-국내일반-05,W03,2026-05-11~2026-05-17,국내일반,5,0,
W03-국내일반-06,W03,2026-05-11~2026-05-17,국내일반,6,0,
W03-국내일반-07,W03,2026-05-11~2026-05-17,국내일반,7,1,한국현대미술
W03-국내일반-08,W03,2026-05-11~2026-05-17,국내일반,8,1,한국현대미술
W03-국내일반-09,W03,2026-05-11~2026-05-17,국내일반,9,1,비엔날레
W03-국내일반-10,W03,2026-05-11~2026-05-17,국내일반,10,0,
W03-국내AI-01,W03,2026-05-11~2026-05-17,국내AI,1,1,노동권
W03-국내AI-02,W03,2026-05-11~2026-05-17,국내AI,2,2,AI아트;AI협업
W03-국내AI-03,W03,2026-05-11~2026-05-17,국내AI,3,1,AI아트
W03-국내AI-04,W03,2026-05-11~2026-05-17,국내AI,4,2,AI교육;AI아트
W03-국내AI-05,W03,2026-05-11~2026-05-17,국내AI,5,1,AI교육
W04-해외일반-01,W04,2026-05-18~2026-05-24,해외일반,1,2,베니스비엔날레;비엔날레
W04-해외일반-02,W04,2026-05-18~2026-05-24,해외일반,2,3,베니스비엔날레;표현의자유;지정학
W04-해외일반-03,W04,2026-05-18~2026-05-24,해외일반,3,1,지정학
W04-해외일반-04,W04,2026-05-18~2026-05-24,해외일반,4,1,예술과과학
W04-해외일반-05,W04,2026-05-18~2026-05-24,해외일반,5,2,공공미술;지정학
W04-해외일반-06,W04,2026-05-18~2026-05-24,해외일반,6,1,공공미술
W04-해외일반-07,W04,2026-05-18~2026-05-24,해외일반,7,2,비엔날레;기후예술
W04-해외일반-08,W04,2026-05-18~2026-05-24,해외일반,8,2,아트바젤홍콩;미술시장
W04-해외AI-01,W04,2026-05-18~2026-05-24,해외AI,1,2,AI저작권;생성AI
W04-해외AI-02,W04,2026-05-18~2026-05-24,해외AI,2,1,AI아트
W04-해외AI-03,W04,2026-05-18~2026-05-24,해외AI,3,3,AI아트;AI윤리;노동권
W04-해외AI-04,W04,2026-05-18~2026-05-24,해외AI,4,1,예술과과학
W04-해외AI-05,W04,2026-05-18~2026-05-24,해외AI,5,2,노동권;AI교육
W04-해외AI-06,W04,2026-05-18~2026-05-24,해외AI,6,1,AI아트
W04-국내일반-01,W04,2026-05-18~2026-05-24,국내일반,1,2,비엔날레;미디어아트
W04-국내일반-02,W04,2026-05-18~2026-05-24,국내일반,2,2,베니스비엔날레;비엔날레
W04-국내일반-03,W04,2026-05-18~2026-05-24,국내일반,3,2,국내아트페어;미술시장
W04-국내일반-04,W04,2026-05-18~2026-05-24,국내일반,4,1,한국현대미술
W04-국내일반-05,W04,2026-05-18~2026-05-24,국내일반,5,1,한국현대미술
W04-국내일반-06,W04,2026-05-18~2026-05-24,국내일반,6,0,
W04-국내일반-07,W04,2026-05-18~2026-05-24,국내일반,7,2,국내아트페어;미술시장
W04-국내일반-08,W04,2026-05-18~2026-05-24,국내일반,8,2,아트페어;한국현대미술
W04-국내일반-09,W04,2026-05-18~2026-05-24,국내일반,9,0,
W04-국내일반-10,W04,2026-05-18~2026-05-24,국내일반,10,1,한국현대미술
W04-국내AI-01,W04,2026-05-18~2026-05-24,국내AI,1,3,웹툰AI;노동권;AI저작권
W04-국내AI-02,W04,2026-05-18~2026-05-24,국내AI,2,2,AI교육;AI아트
W04-국내AI-03,W04,2026-05-18~2026-05-24,국내AI,3,1,AI아트
W04-국내AI-04,W04,2026-05-18~2026-05-24,국내AI,4,2,AI아트;미디어아트
W04-국내AI-05,W04,2026-05-18~2026-05-24,국내AI,5,1,미술시장
W05-해외일반-01,W05,2026-05-25~2026-05-31,해외일반,1,2,미디어아트;생성AI
W05-해외일반-02,W05,2026-05-25~2026-05-31,해외일반,2,2,비엔날레;미디어아트
W05-해외일반-03,W05,2026-05-25~2026-05-31,해외일반,3,1,예술과과학
W05-해외일반-04,W05,2026-05-25~2026-05-31,해외일반,4,1,지정학
W05-해외일반-05,W05,2026-05-25~2026-05-31,해외일반,5,0,
W05-해외일반-06,W05,2026-05-25~2026-05-31,해외일반,6,1,미술시장
W05-해외일반-07,W05,2026-05-25~2026-05-31,해외일반,7,1,현대미술이론
W05-해외일반-08,W05,2026-05-25~2026-05-31,해외일반,8,2,베니스비엔날레;비엔날레
W05-해외AI-01,W05,2026-05-25~2026-05-31,해외AI,1,2,AI저작권;생성AI
W05-해외AI-02,W05,2026-05-25~2026-05-31,해외AI,2,0,
W05-해외AI-03,W05,2026-05-25~2026-05-31,해외AI,3,1,노동권
W05-해외AI-04,W05,2026-05-25~2026-05-31,해외AI,4,1,노동권
W05-해외AI-05,W05,2026-05-25~2026-05-31,해외AI,5,2,AI아트;AI윤리
W05-국내일반-01,W05,2026-05-25~2026-05-31,국내일반,1,2,국내아트페어;미술시장
W05-국내일반-02,W05,2026-05-25~2026-05-31,국내일반,2,1,한국현대미술
W05-국내일반-03,W05,2026-05-25~2026-05-31,국내일반,3,1,한국현대미술
W05-국내일반-04,W05,2026-05-25~2026-05-31,국내일반,4,1,한국현대미술
W05-국내일반-05,W05,2026-05-25~2026-05-31,국내일반,5,2,미술시장;아트페어
W05-국내일반-06,W05,2026-05-25~2026-05-31,국내일반,6,1,한국현대미술
W05-국내일반-07,W05,2026-05-25~2026-05-31,국내일반,7,1,비엔날레
W05-국내일반-08,W05,2026-05-25~2026-05-31,국내일반,8,1,한국현대미술
W05-국내일반-09,W05,2026-05-25~2026-05-31,국내일반,9,2,한국현대미술;미디어아트
W05-국내AI-01,W05,2026-05-25~2026-05-31,국내AI,1,1,AI아트
W05-국내AI-02,W05,2026-05-25~2026-05-31,국내AI,2,2,AI아트;생성AI
W05-국내AI-03,W05,2026-05-25~2026-05-31,국내AI,3,1,AI아트
W05-국내AI-04,W05,2026-05-25~2026-05-31,국내AI,4,2,노동권;생성AI
W05-국내AI-05,W05,2026-05-25~2026-05-31,국내AI,5,2,생성AI;미디어아트
W05-국내AI-06,W05,2026-05-25~2026-05-31,국내AI,6,1,생성AI
W05-국내큐레이션-01,W05,2026-05-25~2026-05-31,국내큐레이션,1,1,현대미술이론
W05-국내큐레이션-02,W05,2026-05-25~2026-05-31,국내큐레이션,2,4,베니스비엔날레;비엔날레;지정학;표현의자유
W05-국내큐레이션-03,W05,2026-05-25~2026-05-31,국내큐레이션,3,2,국내아트페어;미술시장
W05-국내큐레이션-04,W05,2026-05-25~2026-05-31,국내큐레이션,4,2,베니스비엔날레;비엔날레
W05-국내큐레이션-05,W05,2026-05-25~2026-05-31,국내큐레이션,5,0,
W05-국내큐레이션-06,W05,2026-05-25~2026-05-31,국내큐레이션,6,1,한국현대미술
W06-해외일반-01,W06,2026-06-01~2026-06-07,해외일반,1,2,미술시장;노동권
W06-해외일반-02,W06,2026-06-01~2026-06-07,해외일반,2,0,
W06-해외일반-03,W06,2026-06-01~2026-06-07,해외일반,3,1,노동권
W06-해외일반-04,W06,2026-06-01~2026-06-07,해외일반,4,3,베니스비엔날레;비엔날레;표현의자유
W06-해외일반-05,W06,2026-06-01~2026-06-07,해외일반,5,1,예술과과학
W06-해외AI-01,W06,2026-06-01~2026-06-07,해외AI,1,1,AI윤리
W06-해외AI-02,W06,2026-06-01~2026-06-07,해외AI,2,1,AI저작권
W06-해외AI-03,W06,2026-06-01~2026-06-07,해외AI,3,1,AI윤리
W06-국내일반-01,W06,2026-06-01~2026-06-07,국내일반,1,1,미술시장
W06-국내일반-02,W06,2026-06-01~2026-06-07,국내일반,2,2,국내아트페어;미술시장
W06-국내일반-03,W06,2026-06-01~2026-06-07,국내일반,3,1,한국현대미술
W06-국내일반-04,W06,2026-06-01~2026-06-07,국내일반,4,1,비엔날레
W06-국내일반-05,W06,2026-06-01~2026-06-07,국내일반,5,2,한국현대미술;지정학
W06-국내일반-06,W06,2026-06-01~2026-06-07,국내일반,6,2,미디어아트;AI아트
W06-국내일반-07,W06,2026-06-01~2026-06-07,국내일반,7,1,한국현대미술
W06-국내AI-01,W06,2026-06-01~2026-06-07,국내AI,1,1,AI아트
W06-국내AI-02,W06,2026-06-01~2026-06-07,국내AI,2,1,AI아트
W06-국내AI-03,W06,2026-06-01~2026-06-07,국내AI,3,2,생성AI;AI저작권
W06-국내AI-04,W06,2026-06-01~2026-06-07,국내AI,4,2,AI아트;생성AI
W06-국내AI-05,W06,2026-06-01~2026-06-07,국내AI,5,2,생성AI;AI아트
W06-국내AI-06,W06,2026-06-01~2026-06-07,국내AI,6,2,웹툰AI;AI교육
W06-국내큐레이션-01,W06,2026-06-01~2026-06-07,국내큐레이션,1,1,퍼포먼스아트
W06-국내큐레이션-02,W06,2026-06-01~2026-06-07,국내큐레이션,2,0,
W06-국내큐레이션-03,W06,2026-06-01~2026-06-07,국내큐레이션,3,2,미디어아트;퍼포먼스아트
W06-국내큐레이션-04,W06,2026-06-01~2026-06-07,국내큐레이션,4,1,한국현대미술
W07-해외일반-01,W07,2026-06-08~2026-06-14,해외일반,1,1,미디어아트
W07-해외일반-02,W07,2026-06-08~2026-06-14,해외일반,2,1,미디어아트
W07-해외일반-03,W07,2026-06-08~2026-06-14,해외일반,3,0,
W07-해외일반-04,W07,2026-06-08~2026-06-14,해외일반,4,2,표현의자유;지정학
W07-해외일반-05,W07,2026-06-08~2026-06-14,해외일반,5,1,노동권
W07-해외일반-06,W07,2026-06-08~2026-06-14,해외일반,6,1,지정학
W07-해외일반-07,W07,2026-06-08~2026-06-14,해외일반,7,1,기후예술
W07-해외일반-08,W07,2026-06-08~2026-06-14,해외일반,8,4,베니스비엔날레;비엔날레;노동권;지정학
W07-해외일반-09,W07,2026-06-08~2026-06-14,해외일반,9,1,비엔날레
W07-해외AI-01,W07,2026-06-08~2026-06-14,해외AI,1,2,AI아트;생성AI
W07-해외AI-02,W07,2026-06-08~2026-06-14,해외AI,2,2,딥페이크;생성AI
W07-국내일반-01,W07,2026-06-08~2026-06-14,국내일반,1,1,비엔날레
W07-국내일반-02,W07,2026-06-08~2026-06-14,국내일반,2,1,한국현대미술
W07-국내일반-03,W07,2026-06-08~2026-06-14,국내일반,3,1,한국현대미술
W07-국내일반-04,W07,2026-06-08~2026-06-14,국내일반,4,1,한국현대미술
W07-국내일반-05,W07,2026-06-08~2026-06-14,국내일반,5,1,한국현대미술
W07-국내일반-06,W07,2026-06-08~2026-06-14,국내일반,6,1,한국현대미술
W07-국내AI-01,W07,2026-06-08~2026-06-14,국내AI,1,1,AI교육
W07-국내AI-02,W07,2026-06-08~2026-06-14,국내AI,2,2,AI교육;생성AI
W07-국내AI-03,W07,2026-06-08~2026-06-14,국내AI,3,2,AI교육;생성AI
W07-국내큐레이션-01,W07,2026-06-08~2026-06-14,국내큐레이션,1,0,
W07-국내큐레이션-02,W07,2026-06-08~2026-06-14,국내큐레이션,2,0,
W08-해외일반-01,W08,2026-06-15~2026-06-21,해외일반,1,2,아트페어;미술시장
W08-해외일반-02,W08,2026-06-15~2026-06-21,해외일반,2,1,노동권
W08-해외일반-03,W08,2026-06-15~2026-06-21,해외일반,3,2,공공미술;지정학
W08-해외일반-04,W08,2026-06-15~2026-06-21,해외일반,4,1,미디어아트
W08-해외일반-05,W08,2026-06-15~2026-06-21,해외일반,5,2,현대미술이론;생성AI
W08-해외일반-06,W08,2026-06-15~2026-06-21,해외일반,6,1,지정학
W08-해외일반-07,W08,2026-06-15~2026-06-21,해외일반,7,1,AI윤리
W08-해외일반-08,W08,2026-06-15~2026-06-21,해외일반,8,1,퍼포먼스아트
W08-해외AI-01,W08,2026-06-15~2026-06-21,해외AI,1,2,AI아트;생성AI
W08-해외AI-02,W08,2026-06-15~2026-06-21,해외AI,2,1,생성AI
W08-해외AI-03,W08,2026-06-15~2026-06-21,해외AI,3,2,생성AI;웹툰AI
W08-국내일반-01,W08,2026-06-15~2026-06-21,국내일반,1,1,한국현대미술
W08-국내일반-02,W08,2026-06-15~2026-06-21,국내일반,2,2,아트페어;미술시장
W08-국내일반-03,W08,2026-06-15~2026-06-21,국내일반,3,2,국내아트페어;미술시장
W08-국내일반-04,W08,2026-06-15~2026-06-21,국내일반,4,1,한국현대미술
W08-국내일반-05,W08,2026-06-15~2026-06-21,국내일반,5,1,한국현대미술
W08-국내일반-06,W08,2026-06-15~2026-06-21,국내일반,6,2,아트페어;미술시장
W08-국내AI-01,W08,2026-06-15~2026-06-21,국내AI,1,2,AI아트;미술시장
W08-국내AI-02,W08,2026-06-15~2026-06-21,국내AI,2,1,노동권
W08-국내큐레이션-01,W08,2026-06-15~2026-06-21,국내큐레이션,1,0,
W08-국내큐레이션-02,W08,2026-06-15~2026-06-21,국내큐레이션,2,0,
W08-국내큐레이션-03,W08,2026-06-15~2026-06-21,국내큐레이션,3,1,노동권
W08-국내큐레이션-04,W08,2026-06-15~2026-06-21,국내큐레이션,4,1,현대미술이론
W08-국내큐레이션-05,W08,2026-06-15~2026-06-21,국내큐레이션,5,2,미술시장;한국현대미술
W08-국내큐레이션-06,W08,2026-06-15~2026-06-21,국내큐레이션,6,1,미디어아트
W08-국내큐레이션-07,W08,2026-06-15~2026-06-21,국내큐레이션,7,1,한국현대미술
W08-국내큐레이션-08,W08,2026-06-15~2026-06-21,국내큐레이션,8,1,한국현대미술
W09-해외일반-01,W09,2026-06-22~2026-06-28,해외일반,1,1,현대미술이론
W09-해외일반-02,W09,2026-06-22~2026-06-28,해외일반,2,1,미디어아트
W09-해외일반-03,W09,2026-06-22~2026-06-28,해외일반,3,2,지정학;퍼포먼스아트
W09-해외일반-04,W09,2026-06-22~2026-06-28,해외일반,4,2,퍼포먼스아트;한국현대미술
W09-해외일반-05,W09,2026-06-22~2026-06-28,해외일반,5,2,비엔날레;지정학
W09-해외일반-06,W09,2026-06-22~2026-06-28,해외일반,6,1,지정학
W09-해외AI-01,W09,2026-06-22~2026-06-28,해외AI,1,1,AI아트
W09-해외AI-02,W09,2026-06-22~2026-06-28,해외AI,2,0,
W09-해외AI-03,W09,2026-06-22~2026-06-28,해외AI,3,1,AI윤리
W09-국내일반-01,W09,2026-06-22~2026-06-28,국내일반,1,2,국내아트페어;미술시장
W09-국내일반-02,W09,2026-06-22~2026-06-28,국내일반,2,1,미술시장
W09-국내일반-03,W09,2026-06-22~2026-06-28,국내일반,3,2,퍼포먼스아트;베니스비엔날레
W09-국내일반-04,W09,2026-06-22~2026-06-28,국내일반,4,1,미디어아트
W09-국내일반-05,W09,2026-06-22~2026-06-28,국내일반,5,2,베니스비엔날레;비엔날레
W09-국내일반-06,W09,2026-06-22~2026-06-28,국내일반,6,3,아트페어;국내아트페어;미술시장
W09-국내일반-07,W09,2026-06-22~2026-06-28,국내일반,7,2,아트페어;미술시장
W09-국내AI-01,W09,2026-06-22~2026-06-28,국내AI,1,2,생성AI;AI협업
W09-국내AI-02,W09,2026-06-22~2026-06-28,국내AI,2,1,AI아트
W09-국내AI-03,W09,2026-06-22~2026-06-28,국내AI,3,2,AI교육;생성AI
W09-국내큐레이션-01,W09,2026-06-22~2026-06-28,국내큐레이션,1,0,
W09-국내큐레이션-02,W09,2026-06-22~2026-06-28,국내큐레이션,2,1,AI아트
W09-국내큐레이션-03,W09,2026-06-22~2026-06-28,국내큐레이션,3,2,아트페어;미술시장
W09-국내큐레이션-04,W09,2026-06-22~2026-06-28,국내큐레이션,4,1,한국현대미술
W09-국내큐레이션-05,W09,2026-06-22~2026-06-28,국내큐레이션,5,1,한국현대미술
W09-국내큐레이션-06,W09,2026-06-22~2026-06-28,국내큐레이션,6,1,미디어아트
W09-국내큐레이션-07,W09,2026-06-22~2026-06-28,국내큐레이션,7,0,
W09-국내큐레이션-08,W09,2026-06-22~2026-06-28,국내큐레이션,8,0,
W10-해외일반-01,W10,2026-06-29~2026-07-05,해외일반,1,0,
W10-해외일반-02,W10,2026-06-29~2026-07-05,해외일반,2,0,
W10-해외일반-03,W10,2026-06-29~2026-07-05,해외일반,3,1,지정학
W10-해외일반-04,W10,2026-06-29~2026-07-05,해외일반,4,2,미술시장;노동권
W10-해외일반-05,W10,2026-06-29~2026-07-05,해외일반,5,1,지정학
W10-해외일반-06,W10,2026-06-29~2026-07-05,해외일반,6,3,비엔날레;기후예술;노동권
W10-해외일반-07,W10,2026-06-29~2026-07-05,해외일반,7,1,지정학
W10-해외일반-08,W10,2026-06-29~2026-07-05,해외일반,8,2,비엔날레;기후예술
W10-해외AI-01,W10,2026-06-29~2026-07-05,해외AI,1,1,생성AI
W10-해외AI-02,W10,2026-06-29~2026-07-05,해외AI,2,1,예술과과학
W10-해외AI-03,W10,2026-06-29~2026-07-05,해외AI,3,2,AI윤리;노동권
W10-국내일반-01,W10,2026-06-29~2026-07-05,국내일반,1,1,한국현대미술
W10-국내일반-02,W10,2026-06-29~2026-07-05,국내일반,2,2,베니스비엔날레;한국현대미술
W10-국내일반-03,W10,2026-06-29~2026-07-05,국내일반,3,1,비엔날레
W10-국내일반-04,W10,2026-06-29~2026-07-05,국내일반,4,1,비엔날레
W10-국내일반-05,W10,2026-06-29~2026-07-05,국내일반,5,1,지정학
W10-국내일반-06,W10,2026-06-29~2026-07-05,국내일반,6,1,현대미술이론
W10-국내일반-07,W10,2026-06-29~2026-07-05,국내일반,7,2,한국현대미술;AI아트
W10-국내AI-01,W10,2026-06-29~2026-07-05,국내AI,1,2,생성AI;노동권
W10-국내AI-02,W10,2026-06-29~2026-07-05,국내AI,2,2,생성AI;AI교육
W10-국내큐레이션-01,W10,2026-06-29~2026-07-05,국내큐레이션,1,1,미디어아트
W10-국내큐레이션-02,W10,2026-06-29~2026-07-05,국내큐레이션,2,2,AI아트;생성AI
W10-국내큐레이션-03,W10,2026-06-29~2026-07-05,국내큐레이션,3,2,한국현대미술;지정학
W10-국내큐레이션-04,W10,2026-06-29~2026-07-05,국내큐레이션,4,1,미술시장
W10-국내큐레이션-05,W10,2026-06-29~2026-07-05,국내큐레이션,5,0,
W10-국내큐레이션-06,W10,2026-06-29~2026-07-05,국내큐레이션,6,0,
W11-해외일반-01,W11,2026-07-06~2026-07-12,해외일반,1,3,베니스비엔날레;노동권;지정학
W11-해외일반-02,W11,2026-07-06~2026-07-12,해외일반,2,1,현대미술이론
W11-해외일반-03,W11,2026-07-06~2026-07-12,해외일반,3,2,비엔날레;노동권
W11-해외일반-04,W11,2026-07-06~2026-07-12,해외일반,4,2,현대미술이론;한국현대미술
W11-해외일반-05,W11,2026-07-06~2026-07-12,해외일반,5,3,베니스비엔날레;지정학;노동권
W11-해외일반-06,W11,2026-07-06~2026-07-12,해외일반,6,1,미술시장
W11-해외일반-07,W11,2026-07-06~2026-07-12,해외일반,7,0,
W11-해외일반-08,W11,2026-07-06~2026-07-12,해외일반,8,1,공공미술
W11-해외AI-01,W11,2026-07-06~2026-07-12,해외AI,1,3,AI아트;생성AI;미디어아트
W11-해외AI-02,W11,2026-07-06~2026-07-12,해외AI,2,2,AI아트;생성AI
W11-해외AI-03,W11,2026-07-06~2026-07-12,해외AI,3,1,AI아트
W11-해외AI-04,W11,2026-07-06~2026-07-12,해외AI,4,2,AI아트;퍼포먼스아트
W11-해외AI-05,W11,2026-07-06~2026-07-12,해외AI,5,2,AI아트;AI윤리
W11-해외AI-06,W11,2026-07-06~2026-07-12,해외AI,6,1,AI윤리
W11-국내일반-01,W11,2026-07-06~2026-07-12,국내일반,1,0,
W11-국내일반-02,W11,2026-07-06~2026-07-12,국내일반,2,1,비엔날레
W11-국내일반-03,W11,2026-07-06~2026-07-12,국내일반,3,1,한국현대미술
W11-국내일반-04,W11,2026-07-06~2026-07-12,국내일반,4,1,미술시장
W11-국내일반-05,W11,2026-07-06~2026-07-12,국내일반,5,1,한국현대미술
W11-국내일반-06,W11,2026-07-06~2026-07-12,국내일반,6,1,한국현대미술
W11-국내일반-07,W11,2026-07-06~2026-07-12,국내일반,7,1,한국현대미술
W11-국내일반-08,W11,2026-07-06~2026-07-12,국내일반,8,0,
W11-국내일반-09,W11,2026-07-06~2026-07-12,국내일반,9,1,한국현대미술
W11-국내AI-01,W11,2026-07-06~2026-07-12,국내AI,1,2,AI아트;미디어아트
W11-국내AI-02,W11,2026-07-06~2026-07-12,국내AI,2,2,미술시장;생성AI
W11-국내AI-03,W11,2026-07-06~2026-07-12,국내AI,3,2,생성AI;AI저작권
W11-국내AI-04,W11,2026-07-06~2026-07-12,국내AI,4,1,AI저작권
W11-국내AI-05,W11,2026-07-06~2026-07-12,국내AI,5,1,AI저작권
W11-국내AI-06,W11,2026-07-06~2026-07-12,국내AI,6,2,AI저작권;생성AI
W11-국내큐레이션-01,W11,2026-07-06~2026-07-12,국내큐레이션,1,0,
W11-국내큐레이션-02,W11,2026-07-06~2026-07-12,국내큐레이션,2,1,현대미술이론
W11-국내큐레이션-03,W11,2026-07-06~2026-07-12,국내큐레이션,3,2,AI아트;생성AI
W11-국내큐레이션-04,W11,2026-07-06~2026-07-12,국내큐레이션,4,2,지정학;한국현대미술
W11-국내큐레이션-05,W11,2026-07-06~2026-07-12,국내큐레이션,5,1,한국현대미술
W11-국내큐레이션-06,W11,2026-07-06~2026-07-12,국내큐레이션,6,0,
