개념,부여기준,클러스터
베니스비엔날레,베니스 비엔날레(행사·수상·논쟁·참여작가) 관련,비엔날레·이벤트
비엔날레,베니스 외 비엔날레(광주·부산·시드니 등) 또는 비엔날레 일반,비엔날레·이벤트
아트페어,국제 아트페어·페어 일반(프리즈·아트바젤 등),시장·제도
국내아트페어,국내 아트페어(키아프·아트부산·화랑미술제 등),시장·제도
아트바젤홍콩,아트바젤 홍콩 특정 행사,시장·제도
미술시장,경매·거래·가격·갤러리 경영 등 시장 동향,시장·제도
AI아트,AI를 활용한 미술 작품·작가·전시 전반,AI·기술
생성AI,생성형 AI(이미지·영상·텍스트 생성) 기술·활용,AI·기술
AI협업,인간–AI 협업 창작,AI·기술
AI저작권,AI 생성물의 저작권·학습데이터·권리 분쟁,AI·기술
AI윤리,AI의 윤리·편향·안전·통제 문제,AI·기술
AI교육,AI 활용 예술교육·워크숍·강좌,AI·기술
딥페이크,딥페이크·동의 없는 AI 합성,AI·기술
웹툰AI,웹툰 분야의 AI 활용,AI·기술
예술과과학,예술과 과학·기술의 융합(생명·천문·데이터 등),AI·기술
현대미술이론,현대미술 이론·비평·담론,이론·미술사
한국현대미술,한국 현대미술 작가·전시·작가론,이론·미술사
미디어아트,미디어·비디오·디지털 설치 미술,이론·미술사
퍼포먼스아트,퍼포먼스·행위예술,이론·미술사
공공미술,공공장소 설치·공공미술 프로젝트·기념물,이론·미술사
지정학,국제 정치·분쟁·검열이 미술에 미치는 영향,사회·정치
노동권,예술 노동·고용·해고·파업·복지,사회·정치
표현의자유,검열·표현의 자유·보이콧·전시 중단,사회·정치
기후예술,기후·환경을 주제로 한 예술,사회·정치
